,gpa_A,gpa_D,gpa_NP,gpa_NaN,gpa_C,gpa_B,MATH205A,MATH171,CHEM171,CHEM181,ECON50,CHEM35,CHEM131,CHEM135,CHEM33,MATH52,MATH52H,PHYSICS121,MATH51,MATH53,ME216A,CS103,ECON102A,ECON51,STATS116,ENGR40M,ENGR40,PHYSICS63,PHYSICS61,MATH21,MATH41,MATH42,MATH20,ME80,ENGR15,ME203,ME101,ECON1,CS148,EE102A,EE42,PHIL80,CS193A,CS147,CS193P,BIO43,BIO101,HUMBIO2A,ECON102B,PHYSICS43,CS161,CS109,CS107,CEE180,ME115B,ME115A,CEE166A,PSYCH1,HUMBIO3B,ENGR14,ENGR30,PHYSICS41,MS&E125,MS&E120,CHEM173,EE263,CHEM31X,CHEM31A,CS106B,ME216B,EE101A,MATH115,EE122A,CS221,CS124,CS110,PHYSICS41A,MATH151,CHEMENG120A,STATS60,CS248,CEE181,CEE182,CME102,ENERGY101,ENERGY102,MATH120,MATH113,ECON52,CME100,CME106,STATS200,CS106A,STATS110,BIO41,BIO42,PHYSICS110,PHIL150,PHYSICS130,PHYSICS120,MATH131P,MATH173,LINGUIST1,ME161,PHYSICS45,EE65,PHYSICS65,MATH104,EE102B,LINGUIST120,CEE101A,CS224N,CS229,MATH220,STATS195,CHEMENG120B,CHEMENG181,CS106X,PHYSICS230,EE101B,ME131A,ME70,PHYSICS112,CME104,EE108,CHEMENG110,PHYSICS131,MATH51H,MS&E220,EE222,PHYSICS105,PHYSICS70,PSYCH60,PSYCH146,PHIL151,CS108,MATH19,MATH147,MATH143,MATH148,MATH121,MATH146,CS140,CS145,ENGR105,EE114,EE214A,ENGR20,CHEMENG20,PHYSICS107,BIOE41,ENGR154,CS131,CS142,EE178,EE261,MATH51M,CME192,PHYSICS170,MATH109,CHEMENG100,ME112,CS157,CS224S,LINGUIST180,LINGUIST130A,LINGUIST130B,MS&E111,CS210A,MS&E145,MS&E245A,MS&E245G,CHEM151,STATS141
CEE177,0.05196159935210265,0.0,0.0,0.0,-0.01710248273866433,-0.03485905880503686,,,,,,,,,,,,,,,,,,,,,,,,,,,,,,,,,,,,,,,,,,,,,,,,,,,,,,,,,,,,,,,,,,,,,,,,,,,,,,,,,,,,,,,,,,,,,,,,,,,,,,,,,,,,,,,,,,,,,,,,,,,,,,,,,,,,,,,,,,,,,,,,,,,,,,,,,,,,,,,,,,,,,,,,
MATH205B,0.008979283434623125,0.0,0.0,0.0,0.0,-0.008978845967472414,0.006970907669636024,-3.937266030826406e-06,,,,,,,,,,,,,,,,,,,,,,,,,,,,,,,,,,,,,,,,,,,,,,,,,,,,,,,,,,,,,,,,,,,,,,,,,,,,,,,,,,,,,,,,,,,,,,,,,,,,,,,,,,,,,,,,,,,,,,,,,,,,,,,,,,,,,,,,,,,,,,,,,,,,,,,,,,,,,,,,,,,,,,
CHEM185,0.042922492991088856,0.0,0.0,0.0,-0.0066901784872774135,-0.03623220260732152,,,0.03654300337724326,0.01024123379256746,,,,,,,,,,,,,,,,,,,,,,,,,,,,,,,,,,,,,,,,,,,,,,,,,,,,,,,,,,,,,,,,,,,,,,,,,,,,,,,,,,,,,,,,,,,,,,,,,,,,,,,,,,,,,,,,,,,,,,,,,,,,,,,,,,,,,,,,,,,,,,,,,,,,,,,,,,,,,,,,,,,,
ECON155,0.11527870445241228,0.0,0.0,-0.00611657503860354,0.0,-0.10916157828147738,,,,,0.07852073015872522,,,,,,,,,,,,,,,,,,,,,,,,,,,,,,,,,,,,,,,,,,,,,,,,,,,,,,,,,,,,,,,,,,,,,,,,,,,,,,,,,,,,,,,,,,,,,,,,,,,,,,,,,,,,,,,,,,,,,,,,,,,,,,,,,,,,,,,,,,,,,,,,,,,,,,,,,,,,,,,,,,,
EARTHSYS111,0.09722073260352858,-0.006309421848358728,0.0,0.0,-0.025061564742815703,-0.06585310548351449,,,,,,,,,,,,,,,,,,,,,,,,,,,,,,,,,,,,,,,,,,,,,,,,,,,,,,,,,,,,,,,,,,,,,,,,,,,,,,,,,,,,,,,,,,,,,,,,,,,,,,,,,,,,,,,,,,,,,,,,,,,,,,,,,,,,,,,,,,,,,,,,,,,,,,,,,,,,,,,,,,,,,,,,
CHEM181,0.1253337047157481,0.0,0.0,-0.006970713246418663,0.0,-0.1183632327009483,,,0.0597354579849475,,,0.13212337083843745,0.10442312834291274,0.03652230324821087,0.03451468084219597,,,,,,,,,,,,,,,,,,,,,,,,,,,,,,,,,,,,,,,,,,,,,,,,,,,,,,,,,,,,,,,,,,,,,,,,,,,,,,,,,,,,,,,,,,,,,,,,,,,,,,,,,,,,,,,,,,,,,,,,,,,,,,,,,,,,,,,,,,,,,,,,,,,,,,,,,,,,,,,
MATH146,0.029262911720035843,0.0,0.0,0.0,0.0,-0.02926304562631515,,,,,,,,,,0.016604788004925215,-0.011168971093164592,,,,,,,,,,,,,,,,,,,,,,,,,,,,,,,,,,,,,,,,,,,,,,,,,,,,,,,,,,,,,,,,,,,,,,,,,,,,,,,,,,,,,,,,,,,,,,,,,,,,,,,,,,,,,,,,,,,,,,,,,,,,,,,,,,,,,,,,,,,,,,,,,,,,,,,,,,,,,
PHYSICS262,0.0275545760664149,0.0,0.0,-0.004196442725973731,0.0,-0.023359377512616474,,,,,,,,,,,,0.040193770499860275,,,,,,,,,,,,,,,,,,,,,,,,,,,,,,,,,,,,,,,,,,,,,,,,,,,,,,,,,,,,,,,,,,,,,,,,,,,,,,,,,,,,,,,,,,,,,,,,,,,,,,,,,,,,,,,,,,,,,,,,,,,,,,,,,,,,,,,,,,,,,,,,,,,,,,,,,,,,
MATH104,0.2600285635164504,0.0,0.0,-0.016609546348980608,-0.01657315262829634,-0.2268474272565613,,,,,,,,,,0.08655902775588023,,,0.17931065429861284,0.10100939497969592,,,,,,,,,,,,,,,,,,,,,,,,,,,,,,,,,,,,,,,,,,,,,,,,,,,,,,,,,,,,,,,,,,,,,,,,,,,,,,,,,,,,,,,,,,,,,,,,,,,,,,,,,,,,,,,,,,,,,,,,,,,,,,,,,,,,,,,,,,,,,,,,,,,,,,,,,,
ME216B,0.02466546356986884,0.0,0.0,0.0,0.003015575436653313,-0.027680869174552078,,,,,,,,,,,,,,,0.04236531290827852,,,,,,,,,,,,,,,,,,,,,,,,,,,,,,,,,,,,,,,,,,,,,,,,,,,,,,,,,,,,,,,,,,,,,,,,,,,,,,,,,,,,,,,,,,,,,,,,,,,,,,,,,,,,,,,,,,,,,,,,,,,,,,,,,,,,,,,,,,,,,,,,,,,,,,,,,
CS227B,0.06619382361103952,0.0,0.0,0.0,-0.021114416033379373,-0.04508489848125062,,,,,,,,,,,,,,,,0.01963968241371336,,,,,,,,,,,,,,,,,,,,,,,,,,,,,,,,,,,,,,,,,,,,,,,,,,,,,,,,,,,,,,,,,,,,,,,,,,,,,,,,,,,,,,,,,,,,,,,,,,,,,,,,,,,,,,,,,,,,,,,,,,,,,,,,,,,,,,,,,,,,,,,,,,,,,,,,
ECON126,0.10301764647107588,0.0,0.0,0.0,-0.005825528081576015,-0.09719173505713907,,,,,0.08465774907190912,,,,,,,,,,,,0.10644051530657216,0.058418567894779644,0.015229311226009313,,,,,,,,,,,,,,,,,,,,,,,,,,,,,,,,,,,,,,,,,,,,,,,,,,,,,,,,,,,,,,,,,,,,,,,,,,,,,,,,,,,,,,,,,,,,,,,,,,,,,,,,,,,,,,,,,,,,,,,,,,,,,,,,,,,,,,,,,,,,,,,,,,,,,
EE101A,0.20797711676151448,0.0,0.0,0.0,-0.03138458918016758,-0.17659299384818322,,,,,,,,,,,,,,,,,,,,0.16611939887209543,0.015215261089622425,,,,,,,,,,,,,,,,,,,,,,,,,,,,,,,,,,,,,,,,,,,,,,,,,,,,,,,,,,,,,,,,,,,,,,,,,,,,,,,,,,,,,,,,,,,,,,,,,,,,,,,,,,,,,,,,,,,,,,,,,,,,,,,,,,,,,,,,,,,,,,,,,,,
PHYSICS65,0.12164364155694034,0.0,0.0,0.0,-0.017522854917541106,-0.10412122393122095,,,,,,,,,,,,,,0.01805699660313354,,,,,,,,0.08993119802190237,0.0721870456577687,,,,,,,,,,,,,,,,,,,,,,,,,,,,,,,,,,,,,,,,,,,,,,,,,,,,,,,,,,,,,,,,,,,,,,,,,,,,,,,,,,,,,,,,,,,,,,,,,,,,,,,,,,,,,,,,,,,,,,,,,,,,,,,,,,,,,,,,,,,,,,,,,
ECON52,0.2709604420827552,0.0,0.0,-0.007310944571901734,-0.0430205118760924,-0.22061930197063706,,,,,0.2892270031317477,,,,,,,,,,,,,,,,,,,,,,,,,,,,,,,,,,,,,,,,,,,,,,,,,,,,,,,,,,,,,,,,,,,,,,,,,,,,,,,,,,,,,,,,,,,,,,,,,,,,,,,,,,,,,,,,,,,,,,,,,,,,,,,,,,,,,,,,,,,,,,,,,,,,,,,,,,,,,,,,,,,
EE108,0.1997597928862041,0.0,0.0,-0.013458336030865534,-0.006744284406934479,-0.17959554006088954,,,,,,,,,,,,,,,,,,,,,,,,,,,,,,,,,,,,,,,,,,,,,,,,,,,,,,,,,,,,,,,,,,,,,,,,,,,,,,,,,,,,,,,,,,,,,,,,,,,,,,,,,,,,,,,,,,,,,,,,,,,,,,,,,,,,,,,,,,,,,,,,,,,,,,,,,,,,,,,,,,,,,,,,
AA100,0.0209600371661277,0.0,0.0,0.017129508773240463,-0.023704798271738565,-0.014384299940465056,,,,,,,,,,,,,,,,,,,,,,,,0.0015590378297372736,0.0,-0.006904776710516321,-0.013773968355174441,,,,,,,,,,,,,,,,,,,,,,,,,,,,,,,,,,,,,,,,,,,,,,,,,,,,,,,,,,,,,,,,,,,,,,,,,,,,,,,,,,,,,,,,,,,,,,,,,,,,,,,,,,,,,,,,,,,,,,,,,,,,,,,,,,,,,,,,,,,,,
ME112,0.13778986532174076,0.0,0.0,0.0,-0.033585279210804994,-0.10419521887366437,,,,,,,,,,,,,,,,,,,,,,,,,,,,0.16745995286237056,0.14404502380681328,0.07512584232975174,-0.011192886021612027,,,,,,,,,,,,,,,,,,,,,,,,,,,,,,,,,,,,,,,,,,,,,,,,,,,,,,,,,,,,,,,,,,,,,,,,,,,,,,,,,,,,,,,,,,,,,,,,,,,,,,,,,,,,,,,,,,,,,,,,,,,,,,,,,,,,,,,,,
IPS207,0.00987394571699284,0.0,0.0,0.0,0.0,-0.009873831359038793,,,,,,,,,,,,,,,,,,,,,,,,,,,,,,,,0.00990533912451236,,,,,,,,,,,,,,,,,,,,,,,,,,,,,,,,,,,,,,,,,,,,,,,,,,,,,,,,,,,,,,,,,,,,,,,,,,,,,,,,,,,,,,,,,,,,,,,,,,,,,,,,,,,,,,,,,,,,,,,,,,,,,,,,,,,,,,,,
CS248,0.01499306153812468,0.0,0.0,0.0,0.0,-0.014992836031726868,,,,,,,,,,,,,,,,,,,,,,,,,,,,,,,,,0.0024324162284298364,,,,,,,,,,,,,,,,,,,,,,,,,,,,,,,,,,,,,,,,,,,,,,,,,,,,,,,,,,,,,,,,,,,,,,,,,,,,,,,,,,,,,,,,,,,,,,,,,,,,,,,,,,,,,,,,,,,,,,,,,,,,,,,,,,,,,,,
PSYCH30,0.38510909241722047,0.0,0.0,-0.004314836827376065,-0.10887004892207035,-0.27192383460436736,,,,,,,,,,,,,,,,,,,,,,,,,,,,,,,,,,,,,,,,,,,,,,,,,,,,,,,,,,,,,,,,,,,,,,,,,,,,,,,,,,,,,,,,,,,,,,,,,,,,,,,,,,,,,,,,,,,,,,,,,,,,,,,,,,,,,,,,,,,,,,,,,,,,,,,,,,,,,,,,,,,,,,,,
EE134,0.02933803614946685,0.0,0.0,0.0,-0.01490997036658007,-0.014428061922757888,,,,,,,,,,,,,,,,,,,,,,,,,,,,,,,,,,0.014532869864145675,-0.005029503194096309,,,,,,,,,,,,,,,,,,,,,,,,,,,,,,,,,,,,,,,,,,,,,,,,,,,,,,,,,,,,,,,,,,,,,,,,,,,,,,,,,,,,,,,,,,,,,,,,,,,,,,,,,,,,,,,,,,,,,,,,,,,,,,,,,,,,,
PHIL180,0.02926713262779052,0.0,0.0,0.0,-0.006324690320861629,-0.02294236203008784,,,,,,,,,,,,,,,,,,,,,,,,,,,,,,,,,,,,,,,,,,,,,,,,,,,,,,,,,,,,,,,,,,,,,,,,,,,,,,,,,,,,,,,,,,,,,,,,,,,,,,,,,,,,,,,,,,,,,,,,,,,,,,,,,,,,,,,,,,,,,,,,,,,,,,,,,,,,,,,,,,,,,,,,
MATH51H,0.0025034712386177646,0.0,0.0,0.0049743037430376325,0.0,-0.007477762377617959,,,,,,,,,,,,,,,,,,,,,,,,,,,,,,,,,,,,,,,,,,,,,,,,,,,,,,,,,,,,,,,,,,,,,,,,,,,,,,,,,,,,,,,,,,,,,,,,,,,,,,,,,,,,,,,,,,,,,,,,,,,,,,,,,,,,,,,,,,,,,,,,,,,,,,,,,,,,,,,,,,,,,,,,
PHIL181,0.029879277763414147,0.0,0.0,0.0,-0.00852660767604592,-0.021352675264036027,,,,,,,,,,,,,,,,,,,,,,,,,,,,,,,,,,,,0.0026958344792635965,,,,,,,,,,,,,,,,,,,,,,,,,,,,,,,,,,,,,,,,,,,,,,,,,,,,,,,,,,,,,,,,,,,,,,,,,,,,,,,,,,,,,,,,,,,,,,,,,,,,,,,,,,,,,,,,,,,,,,,,,,,,,,,,,,,,
PHYSICS61,0.045694374150328516,0.0,0.0,0.002476731386621816,-0.00805954694244709,-0.04011149985683321,,,,,,,,,,,,,0.002321023340148676,,,,,,,,,,,,,,,,,,,,,,,,,,,,,,,,,,,,,,,,,,,,,,,,,,,,,,,,,,,,,,,,,,,,,,,,,,,,,,,,,,,,,,,,,,,,,,,,,,,,,,,,,,,,,,,,,,,,,,,,,,,,,,,,,,,,,,,,,,,,,,,,,,,,,,,,,,,
CS377U,0.01351105002682243,0.0,0.0,0.0,-0.0018051052022181183,-0.011705768958337618,,,,,,,,,,,,,,,,,,,,,,,,,,,,,,,,,,,,,0.008171728300988033,-0.003249818926317745,-0.015829999927358427,,,,,,,,,,,,,,,,,,,,,,,,,,,,,,,,,,,,,,,,,,,,,,,,,,,,,,,,,,,,,,,,,,,,,,,,,,,,,,,,,,,,,,,,,,,,,,,,,,,,,,,,,,,,,,,,,,,,,,,,,,,,,,,,,
BIO144,-0.004774619894391927,0.0,0.0,0.0,0.0,0.00477477055922088,,,,,,,,,,,,,,,,,,,,,,,,,,,,,,,,,,,,,,,,0.015484411133829505,0.0019217865142990692,-0.004088510531063483,,,,,,,,,,,,,,,,,,,,,,,,,,,,,,,,,,,,,,,,,,,,,,,,,,,,,,,,,,,,,,,,,,,,,,,,,,,,,,,,,,,,,,,,,,,,,,,,,,,,,,,,,,,,,,,,,,,,,,,,,,,,,,
EE107,0.049142951091651225,0.0,0.0,0.0,-0.007829558189691858,-0.04131166237891956,,,,,,,,,,,,,,,,,,,,0.028895828350308066,,,,,,,,,,,,,,0.06369100888219233,,,,,,,,,,,,,,,,,,,,,,,,,,,,,,,,,,,,,,,,,,,,,,,,,,,,,,,,,,,,,,,,,,,,,,,,,,,,,,,,,,,,,,,,,,,,,,,,,,,,,,,,,,,,,,,,,,,,,,,,,,,,,,,,,,,,,,
ECON144,0.004475857154572764,0.0,0.0,0.0,0.0,-0.004476324193891863,,,,,,,,,,,,,,,,,,0.0059851826658411655,,,,,,,,,,,,,,,,,,,,,,,,,0.006478319760832277,,,,,,,,,,,,,,,,,,,,,,,,,,,,,,,,,,,,,,,,,,,,,,,,,,,,,,,,,,,,,,,,,,,,,,,,,,,,,,,,,,,,,,,,,,,,,,,,,,,,,,,,,,,,,,,,,,,,,,,,,,,,,
PHYSICS105,0.10479177041725247,0.0,0.0,0.0023540191249489853,-0.025607629383135953,-0.08153639915819441,,,,,,,,,,,,,,,,,,,,,,0.052978418919739055,,,,,,,,,,,,,,,,,,,,,,0.018069168945020232,,,,,,,,,,,,,,,,,,,,,,,,,,,,,,,,,,,,,,,,,,,,,,,,,,,,,,,,,,,,,,,,,,,,,,,,,,,,,,,,,,,,,,,,,,,,,,,,,,,,,,,,,,,,,,,,,,,,,,,,,,,,
MATH131P,0.11659282061601692,0.0,0.0,0.008912392579248142,-0.02727117269618633,-0.09823397711539471,,,,,,,,,,,,,,0.05399003226873118,,,,,,,,,,,,,,,,,,,,,,,,,,,,,,,,,,,,,,,,,,,,,,,,,,,,,,,,,,,,,,,,,,,,,,,,,,,,,,,,,,,,,,,,,,,,,,,,,,,,,,,,,,,,,,,,,,,,,,,,,,,,,,,,,,,,,,,,,,,,,,,,,,,,,,,,,,
CS276,0.05819229194320187,0.0,0.0,0.0,0.0,-0.05819205449171221,,,,,,,,,,,,,,,,,,,,,,,,,,,,,,,,,,,,,,,,,,,,,0.03856691692650703,0.036618353399421995,0.008634851379085935,,,,,,,,,,,,,,,,,,,,,,,,,,,,,,,,,,,,,,,,,,,,,,,,,,,,,,,,,,,,,,,,,,,,,,,,,,,,,,,,,,,,,,,,,,,,,,,,,,,,,,,,,,,,,,,,,,,,,,,,,
CEE181,0.017561991274364915,0.0,0.0,0.0,-0.0024980086512654265,-0.015063954041748968,,,,,,,,,,,,,,,,,,,,,,,,,,,,,,,,,,,,,,,,,,,,,,,,0.004749365859281884,,,,,,,,,,,,,,,,,,,,,,,,,,,,,,,,,,,,,,,,,,,,,,,,,,,,,,,,,,,,,,,,,,,,,,,,,,,,,,,,,,,,,,,,,,,,,,,,,,,,,,,,,,,,,,,,,,,,,,,,
ME216A,0.05721311101386587,0.0,0.0,-0.017339715340586943,-0.015938009948662478,-0.023933009781378134,,,,,,,,,,,,,,,,,,,,,,,,,,,,,,0.04638849615573539,,,,,,,,,,,,,,,,,,,0.013279965964558332,-0.003573536922965205,,,,,,,,,,,,,,,,,,,,,,,,,,,,,,,,,,,,,,,,,,,,,,,,,,,,,,,,,,,,,,,,,,,,,,,,,,,,,,,,,,,,,,,,,,,,,,,,,,,,,,,,,,,,,,,,,,,,,,
MATH109,0.05625512362791717,0.0,0.0,0.0,-0.005008120780902417,-0.05124684755428375,,,,,,,,,,,,,,,,,,,,,,,,,,,,,,,,,,,,,,,,,,,,,,,,,,,,,,,,,,,,,,,,,,,,,,,,,,,,,,,,,,,,,,,,,,,,,,,,,,,,,,,,,,,,,,,,,,,,,,,,,,,,,,,,,,,,,,,,,,,,,,,,,,,,,,,,,,,,,,,,,,,,,,,,
CS265,0.04222041178558884,0.0,0.0,0.0,-0.019522026354717295,-0.022698380032556496,,,,,,,,,,,,,,,,,,,,,,,,,,,,,,,,,,,,,,,,,,,,,0.029107605989021384,,,,,,,,,,,,,,,,,,,,,,,,,,,,,,,,,,,,,,,,,,,,,,,,,,,,,,,,,,,,,,,,,,,,,,,,,,,,,,,,,,,,,,,,,,,,,,,,,,,,,,,,,,,,,,,,,,,,,,,,,,,
CEE166B,0.012382916022425895,0.0,0.0,0.0,-0.0074706889214366445,-0.004911099656442304,,,,,,,,,,,,,,,,,,,,,,,,,,,,,,,,,,,,,,,,,,,,,,,,,,,0.009932190816616018,,,,,,,,,,,,,,,,,,,,,,,,,,,,,,,,,,,,,,,,,,,,,,,,,,,,,,,,,,,,,,,,,,,,,,,,,,,,,,,,,,,,,,,,,,,,,,,,,,,,,,,,,,,,,,,,,,,,,
CS238,0.11428722124764397,0.0,0.0,0.0,-0.04326624294148656,-0.07102129449172363,,,,,,,,,,,,,,,,,,,,,,,,,,,,,,,,,,,,,,,,,,,,,,,,,,,,,,,,,,,,,,,,,,,,,,,,,,,,,,,,,,,,,,,,,,,,,,,,,,,,,,,,,,,,,,,,,,,,,,,,,,,,,,,,,,,,,,,,,,,,,,,,,,,,,,,,,,,,,,,,,,,,,,,,
PSYCH101,0.12933107980007202,0.0,0.0,0.0,-0.08049227966578695,-0.048838243776358946,,,,,,,,,,,,,,,,,,,,,,,,,,,,,,,,,,,,,,,,,,,,,,,,,,,,0.1364993806720036,0.02775205342881482,,,,,,,,,,,,,,,,,,,,,,,,,,,,,,,,,,,,,,,,,,,,,,,,,,,,,,,,,,,,,,,,,,,,,,,,,,,,,,,,,,,,,,,,,,,,,,,,,,,,,,,,,,,,,,,,,,,
CS448B,0.02776959427628277,0.0,0.0,0.003269493839723661,-0.0034836870563447883,-0.02755470888304611,,,,,,,,,,,,,,,,,,,,,,,,,,,,,,,,,-0.023333856221909276,,,,,0.02386196192273754,,,,,,,,,,,,,,,,,,,,,,,,,,,,,,,,,,,,,,,,,,,,,,,,,,,,,,,,,,,,,,,,,,,,,,,,,,,,,,,,,,,,,,,,,,,,,,,,,,,,,,,,,,,,,,,,,,,,,,,,,,,,,,,,,,
CS194H,0.01681034640535041,0.0,0.0,0.0,-0.007087051145131455,-0.009722433011512556,,,,,,,,,,,,,,,,,,,,,,,,,,,,,,,,,,,,,,0.031187325611469856,,,,,,,,,,,,,,,,,,,,,,,,,,,,,,,,,,,,,,,,,,,,,,,,,,,,,,,,,,,,,,,,,,,,,,,,,,,,,,,,,,,,,,,,,,,,,,,,,,,,,,,,,,,,,,,,,,,,,,,,,,,,,,,,,,
ME70,0.21765048495020006,0.0,0.0,0.008535036247714858,-0.06210810811818805,-0.1640831432260253,,,,,,,,,,,,,,,,,,,,,,,,,,,,,,,,,,,,,,,,,,,,,,,,,,,,,,0.14025242578660427,0.11353931708565722,,,,,,,,,,,,,,,,,,,,,,,,,,,,,,,,,,,,,,,,,,,,,,,,,,,,,,,,,,,,,,,,,,,,,,,,,,,,,,,,,,,,,,,,,,,,,,,,,,,,,,,,,,,,,,,,,
CS274,0.1160266485821665,-0.006904496482856481,0.0,0.0,-0.03422879543355751,-0.074893283878561,,,,,,,,,,,,,,,,,,,,,,,,,,,,,,,,,,,,,,,,,,,,,,,,,,,,,,,,,,,,,,,,,,,,,,,,,,,,,,,,,,,,,,,,,,,,,,,,,,,,,,,,,,,,,,,,,,,,,,,,,,,,,,,,,,,,,,,,,,,,,,,,,,,,,,,,,,,,,,,,,,,,,,,,
ENGR15,0.2846788861470648,0.0,0.0,0.0,-0.09683101875127324,-0.1878479843675178,,,,,,,,,,,,,,,,,,,,,,,,,0.016766409896655884,,,,,,,,,,,,,,,,,,,,,,,,,,,,,0.17498576694430093,,0.09192305543541512,,,,,,,,,,,,,,,,,,,,,,,,,,,,,,,,,,,,,,,,,,,,,,,,,,,,,,,,,,,,,,,,,,,,,,,,,,,,,,,,,,,,,,,,,,,,,,,,,,,,,,,,,,,,,,,,
MS&E121,0.10146406936053806,0.0,0.0,0.0,-0.046097616306524085,-0.05536604286060163,,,,,,,,,,,,,,,,,,,,,,,,,,,,,,,,,,,,,,,,,,,,,,,,,,,,,,,,,0.11527869597292159,0.10846324563390035,,,,,,,,,,,,,,,,,,,,,,,,,,,,,,,,,,,,,,,,,,,,,,,,,,,,,,,,,,,,,,,,,,,,,,,,,,,,,,,,,,,,,,,,,,,,,,,,,,,,,,,,,,,,,,
PUBLPOL105,0.03726247390217047,0.0,0.0,0.0,-0.014240897500400133,-0.02302034645222526,,,,,,,,,,,,,,,,,,,,,,,,,,,,,,,,,,,,,,,,,,,0.03630755872126513,,,,,,,,,,,,,,,,,,,,,,,,,,,,,,,,,,,,,,,,,,,,,,,,,,,,,,,,,,,,,,,,,,,,,,,,,,,,,,,,,,,,,,,,,,,,,,,,,,,,,,,,,,,,,,,,,,,,,,,,,,,,,
CHEM176,0.02765757142766724,0.0,0.0,0.0,-0.007929707640846531,-0.019726550858939308,,,,,,,,,,,,,,,,,,,,,,,,,,,,,,,,,,,,,,,,,,,,,,,,,,,,,,,,,,,0.0201739266522394,,,,,,,,,,,,,,,,,,,,,,,,,,,,,,,,,,,,,,,,,,,,,,,,,,,,,,,,,,,,,,,,,,,,,,,,,,,,,,,,,,,,,,,,,,,,,,,,,,,,,,,,,,,,,
EE364A,0.03290001167203907,0.0,0.0,0.0,0.0,-0.03289993363181314,,,,,,,,,,,,,,,,,,,,,,,,,,,,,,,,,,,,,,,,,,,,,,,,,,,,,,,,,,,,0.02821864805100191,,,,,,,,,,,,,,,,,,,,,,,,,,,,,,,,,,,,,,,,,,,,,,,,,,,,,,,,,,,,,,,,,,,,,,,,,,,,,,,,,,,,,,,,,,,,,,,,,,,,,,,,,,,,
CHEM135,0.08727838580375699,0.0,0.0,0.0,-0.005633625040516305,-0.08164395490797713,,,,,,0.043215918360019825,,,0.07627676146347995,,,,,,,,,,,,,,,,,,,,,,,,,,,,,,,,,,,,,,,,,,,,,,,,,,,,0.03799417644238216,0.010207081257704035,,,,,,,,,,,,,,,,,,,,,,,,,,,,,,,,,,,,,,,,,,,,,,,,,,,,,,,,,,,,,,,,,,,,,,,,,,,,,,,,,,,,,,,,,,,,,,,,,,,,,,,,,,
CS106A,0.6159656104479556,-0.025815446550966625,0.0,0.1453333360881707,-0.25107640157676947,-0.4844108510035147,,,,,,,,,,,,,,,,,,,,,,,,,,,,,,,,,,,,,,,,,,,,,,,,,,,,,,,,,,,,,,,,,,,,,,,,,,,,,,,,,,,,,,,,,,,,,,,,,,,,,,,,,,,,,,,,,,,,,,,,,,,,,,,,,,,,,,,,,,,,,,,,,,,,,,,,,,,,,,,,,,,,,,,,
BIO115,0.012557330916190441,0.0,0.0,0.0,0.0,-0.012555421848897626,,,,,,,,,,,,,,,,,,,,,,,,,,,,,,,,,,,,,,,,0.00722473703537147,,,,,,,,,,,,,,,,,,,,,,,,,,,,,,,,,,,,,,,,,,,,,,,,,,,,,,,,,,,,,,,,,,,,,,,,,,,,,,,,,,,,,,,,,,,,,,,,,,,,,,,,,,,,,,,,,,,,,,,,,,,,,,,,
CS181,0.11947595546668939,0.0,0.0,0.0,-0.02960285892289195,-0.08992032978317305,,,,,,,,,,,,,,,,,,,,,,,,,,,,,,,,,,,,,,,,,,,,,,,,,,,,,,,,,,,,,,,0.01152568655211657,,,,,,,,,,,,,,,,,,,,,,,,,,,,,,,,,,,,,,,,,,,,,,,,,,,,,,,,,,,,,,,,,,,,,,,,,,,,,,,,,,,,,,,,,,,,,,,,,,,,,,,,,
ME101,0.03957520106998228,-0.01935824616443883,0.0,-0.014888600373131045,-0.030484935672735664,0.025156696138448627,,,,,,,,,,,,,,,,,,,,,,,,,,,,,,,,,,,,,,,,,,,,,,,,,,,,,,,,,,,,,,,,,,,,,,,,,,,,,,,,,,,,,,,,,,,,,,,,,,,,,,,,,,,,,,,,,,,,,,,,,,,,,,,,,,,,,,,,,,,,,,,,,,,,,,,,,,,,,,,,,,,,,,,,
ME216C,0.021930452744550383,0.0,0.0,0.0,-0.006507455146973107,-0.015422779363601029,,,,,,,,,,,,,,,0.026581010878986587,,,,,,,,,,,,,,,,,,,,,,,,,,,,,,,,,,,,,,,,,,,,,,,,,0.06772721571523081,,,,,,,,,,,,,,,,,,,,,,,,,,,,,,,,,,,,,,,,,,,,,,,,,,,,,,,,,,,,,,,,,,,,,,,,,,,,,,,,,,,,,,,,,,,,,,,,,,,,,,,,
STATS110,0.11996983394279294,0.0,0.0,0.002984679318444561,-0.0686556205552583,-0.05431477239569569,,,,,,,,,,,,,,,,,,,,,,,,,,,,,,,,,,,,,,,,,,,,,,,,,,,,,,,,,,,,,,,,,,,,,,,,,,,,,,,,,,,,,,,,,,,,,,,,,,,,,,,,,,,,,,,,,,,,,,,,,,,,,,,,,,,,,,,,,,,,,,,,,,,,,,,,,,,,,,,,,,,,,,,,
EE271,0.015919724123894065,0.0,0.0,0.0,0.0,-0.015919756274115193,,,,,,,,,,,,,,,,,,,,,,,,,,,,,,,,,,,,,,,,,,,,,,,,,,,,,,,,,,,,,,,,,0.009158956077215908,,,,,,,,,,,,,,,,,,,,,,,,,,,,,,,,,,,,,,,,,,,,,,,,,,,,,,,,,,,,,,,,,,,,,,,,,,,,,,,,,,,,,,,,,,,,,,,,,,,,,,,
MATH116,0.037388759162546976,0.0,0.0,0.0025474458976978446,-0.017393077963378287,-0.02253524802921911,,0.024045108692728308,,,,,,,,-0.016939816693042405,,,,,,,,,,,,,,,,,,,,,,,,,,,,,,,,,,,,,,,,,,,,,,,,,,,,,,,,-0.013263026389624427,,,,,,,,,,,,,,,,,,,,,,,,,,,,,,,,,,,,,,,,,,,,,,,,,,,,,,,,,,,,,,,,,,,,,,,,,,,,,,,,,,,,,,,,,,,,,,,,,,,,,,
PHIL150,0.1809644368132402,0.0,0.0,0.019632242728139224,-0.04954080327220494,-0.15105385702166435,,,,,,,,,,,,,,,,,,,,,,,,,,,,,,,,,,,,,,,,,,,,,,,,,,,,,,,,,,,,,,,,,,,,,,,,,,,,,,,,,,,,,,,,,,,,,,,,,,,,,,,,,,,,,,,,,,,,,,,,,,,,,,,,,,,,,,,,,,,,,,,,,,,,,,,,,,,,,,,,,,,,,,,,
ENGR30,0.18527575213134662,0.0,0.0,-0.001555532220197402,-0.09488670127576107,-0.08882884445028026,,,,,,,,,,,,,,,,,,,,,,,,,,,,,,,,,,,,,,,,,,,,,,,,,,,,,,,,,,,,,,,,,,,,,,,,,,,,,,,,,,,,,,,,,,,,,,,,,,,,,,,,,,,,,,,,,,,,,,,,,,,,,,,,,,,,,,,,,,,,,,,,,,,,,,,,,,,,,,,,,,,,,,,,
CHEMENG181,0.15654753444319464,0.0,0.0,0.0,-0.024700888890070376,-0.131845967541194,,,0.13223738604660412,,,0.09390397078010945,0.0781878282161098,0.039820964986502845,0.1286697470852247,,,,,,,,,,,,,,,,,,,,,,,,,,,,,,,,,,,,,,,,,,,,,,,,,,,,,,,,,,,,,,,,,,,,,,,,,,,,,,,,,,,,,,,,,,,,,,,,,,,,,,,,,,,,,,,,,,,,,,,,,,,,,,,,,,,,,,,,,,,,,,,,,,,,,,,,,,,,,,,
EE155,0.02347449410026231,0.0,0.0,0.0,0.0,-0.023495349006935506,,,,,,,,,,,,,,,,,,,,,0.004243422176835073,,,,,,,,,,,,,,,,,,,,,,,,,,,,,,,,,,,,,,,,,,,,,,0.0071659811254153535,,,,,,,,,,,,,,,,,,,,,,,,,,,,,,,,,,,,,,,,,,,,,,,,,,,,,,,,,,,,,,,,,,,,,,,,,,,,,,,,,,,,,,,,,,,,,,,,,,,,,
CEE176B,0.031202902587327493,0.0,0.0,0.0,-0.01880894105949252,-0.012400124131552611,,,,,,,,,,,,,,,,,,,,,,,,,,,,,,,,,,,,,,,,,,,,,,,,,,,,,,,,,,,,,,,,,,,,,,,,,,,,,,,,,,,,,,,,,,,,,,,,,,,,,,,,,,,,,,,,,,,,,,,,,,,,,,,,,,,,,,,,,,,,,,,,,,,,,,,,,,,,,,,,,,,,,,,,
AA242A,0.024683502627425025,0.0,0.0,0.0,-0.009943954470785315,-0.014743118566567454,,,,,,,,,,,,,,,,,,,,,,,,,,,,,0.009932583905176498,,,,,,,,,,,,,,,,,,,,,,,,,,,,,,,,,,,,,,,,,,,,,,,,,,,,,,,,,,,,,,,,,,,,,,,,,,,,,,,,,,,,,,,,,,,,,,,,,,,,,,,,,,,,,,,,,,,,,,,,,,,,,,,,,,,,,,,,,,,
EE178,0.11373915006399983,-0.0077259046273439325,0.0,0.002254980818522712,-0.02844789893962771,-0.07982505928199682,,,,,,,,,,,,,,,,,,,,,,,,,,,,,,,,,,,,,,,,,,,,,,,,,,,,,,,,,,,,,,,,,,,,,,,,,,,,,,,,,,,,,,,,,,,,,,,,,,,,,,,,,,,,,,,,,,,,,,,,,,,,,,,,,,,,,,,,,,,,,,,,,,,,,,,,,,,,,,,,,,,,,,,,
CS224N,0.21010139287903648,0.0,0.0,-0.007042389926765443,-0.05252470420128029,-0.15053190437522776,,,,,,,,,,,,,,,,,,,,,,,,,,,,,,,,,,,,,,,,,,,,,,,,,,,,,,,,,,,,,,,,,,,,0.14726575313736398,-0.00015325784111153102,,,,,,,,,,,,,,,,,,,,,,,,,,,,,,,,,,,,,,,,,,,,,,,,,,,,,,,,,,,,,,,,,,,,,,,,,,,,,,,,,,,,,,,,,,,,,,,,,,,
HUMBIO3A,0.38913913147127727,-0.005417588399355403,0.0,-0.005417588399355403,-0.06381404734990571,-0.31448998642918263,,,,,,,,,,,,,,,,,,,,,,,,,,,,,,,,,,,,,,,,,,,,,,,,,,,,,,,,,,,,,,,,,,,,,,,,,,,,,,,,,,,,,,,,,,,,,,,,,,,,,,,,,,,,,,,,,,,,,,,,,,,,,,,,,,,,,,,,,,,,,,,,,,,,,,,,,,,,,,,,,,,,,,,,
CS155,0.19897449709018955,0.0,0.0,0.0,-0.02131113645907469,-0.17766381760852581,,,,,,,,,,,,,,,,,,,,,,,,,,,,,,,,,,,,,,,,,,,,,,,,,,,,,,,,,,,,,,,,,,,,,,0.20533611979176333,,,,,,,,,,,,,,,,,,,,,,,,,,,,,,,,,,,,,,,,,,,,,,,,,,,,,,,,,,,,,,,,,,,,,,,,,,,,,,,,,,,,,,,,,,,,,,,,,,
PHYSICS41,0.6769713216928157,-0.019506484991603523,0.0,-0.016018754638011945,-0.24244617384531045,-0.3990480907968464,,,,,,,,,,,,,,,,,,,,,,,,,,,,,,,,,,,,,,,,,,,,,,,,,,,,,,,,,,,,,,,,,,,,,,,-0.01113945796514192,,,,,,,,,,,,,,,,,,,,,,,,,,,,,,,,,,,,,,,,,,,,,,,,,,,,,,,,,,,,,,,,,,,,,,,,,,,,,,,,,,,,,,,,,,,,,,,,,
BIOE44,0.05990403356260605,0.0,0.0,-0.018312318368419313,-0.024905724520222647,-0.016685953656080277,,,,,,,,,,,,,,,,,,,,,,,,,,,,,,,,,,,,,,,,,,,,,,,,,,,,,,,,,,,,,,,,,,,,,,,,,,,,,,,,,,,,,,,,,,,,,,,,,,,,,,,,,,,,,,,,,,,,,,,,,,,,,,,,,,,,,,,,,,,,,,,,,,,,,,,,,,,,,,,,,,,,,,,,
CS194,0.052501833702864244,0.0,0.0,0.0,-0.026845375283686572,-0.025654214259366474,,,,,,,,,,,,,,,,,,,,,,,,,,,,,,,,,,,,,,,,,,,,,0.0462267304499648,,,,,,,,,,,,,,,,,,,,,,,,,0.04691893966946042,,,,,,,,,,,,,,,,,,,,,,,,,,,,,,,,,,,,,,,,,,,,,,,,,,,,,,,,,,,,,,,,,,,,,,,,,,,,,,,,,,,,,,,,,,,,,,,,,,
MATH136,0.012932749561936326,0.0,0.0,0.0,0.0,-0.012932747839635347,,,,,,,,,,,,,,,,,,,-0.012956959705760534,,,,,,,,,,,,,,,,,,,,,,,,,,,,,,,,,,,,,,,,,,,,,,,-0.012750984301864852,,,,,,0.0,,,,,,,,,,,,,,,,,,,,,,,,,,,,,,,,,,,,,,,,,,,,,,,,,,,,,,,,,,,,,,,,,,,,,,,,,,,,,,,,,,,,,,,,,,,,,,,,
ME80,0.4597493159445588,0.0,0.0,0.0013973728064209131,-0.12764340608822086,-0.33350355132203463,,,,,,,,,,,,,,,,,,,,,,,,,,,,,,,,,,,,,,,,,,,,,,,,,,,,,,0.32619326598710585,,,,,,,,,,,,,,,,,,,,,,,,,,,,,,,,,,,,,,,,,,,,,,,,,,,,,,,,,,,,,,,,,,,,,,,,,,,,,,,,,,,,,,,,,,,,,,,,,,,,,,,,,,,,,,,,,,
PSYCH1,0.5170534268752948,-0.017403167657121726,0.0,0.04348769963112087,-0.2877260581185724,-0.2554035373825321,,,,,,,,,,,,,,,,,,,,,,,,,,,,,,,,,,,,,,,,,,,,,,,,,,,,,,,,,,,,,,,,,,,,,,,,,,,,,,,,,,,,,,,,,,,,,,,,,,,,,,,,,,,,,,,,,,,,,,,,,,,,,,,,,,,,,,,,,,,,,,,,,,,,,,,,,,,,,,,,,,,,,,,,
CHEMENG120B,0.06539634190199275,0.0,0.0,0.0,-0.007156544286862336,-0.058239785052780435,,,,,,,,,,,,,,,,,,,,,,,,,,,,,,,,,,,,,,,,,,,,,,,,,,,,,,,,,,,,,,,,,,,,,,,,,0.03317882514743296,,,,,,,,,,,,,,,,,,,,,,,,,,,,,,,,,,,,,,,,,,,,,,,,,,,,,,,,,,,,,,,,,,,,,,,,,,,,,,,,,,,,,,,,,,,,,,,
CS144,0.180764053633231,0.0,0.0,-0.0048260724049788645,-0.023893912857270005,-0.1520458606195448,,,,,,,,,,,,,,,,,,,,,,,,,,,,,,,,,,,,,,,,,,,,,,,,,,,,,,,,,,,,,,,,,,,,,,0.11216449635915539,,,,,,,,,,,,,,,,,,,,,,,,,,,,,,,,,,,,,,,,,,,,,,,,,,,,,,,,,,,,,,,,,,,,,,,,,,,,,,,,,,,,,,,,,,,,,,,,,,
ECON136,0.05279732889217328,0.0,0.0,0.00141971824911684,-0.012813884830039677,-0.04140248962827115,,,,,,,,,,,,,,,,,,0.04297377794628754,,,,,,,,,,,,,,,,,,,,,,,,,,,,,,,,,,,,,,,,,,,,,,,,,,,,,,,,,,,,,,,,,,,,,,,,,,,,,,,,,,,,,,,,,,,,,,,,,,,,,,,,,,,,,,,,,,,,,,,,,,,,,,,,,,,,,,,,,,,,,,,,,,,,,,
PSYCH141,0.0843292376637398,0.0,0.0,0.001614986548337817,-0.015086979615260622,-0.07085831317740736,,,,,,,,,,,,,,,,,,,,,,,,,,,,,,,,,,,,,,,,,,,,,,,,,,,,0.0595435067685295,,,,,,,,,,,,,,,,,,,,,,,,,,,,,,,,,,,,,,,,,,,,,,,,,,,,,,,,,,,,,,,,,,,,,,,,,,,,,,,,,,,,,,,,,,,,,,,,,,,,,,,,,,,,,,,,,,,,
COMM106,0.02129278315115089,0.0,0.0,0.0,-0.0424559715501945,0.021163291534461275,,,,,,,,,,,,,,,,,,,,,,,,,,,,,,,,,,,,,,,,,,,,,,,,,,,,,,,,,,,,,,,,,,,,,,,,,,0.019224023300313142,,,,,,,,,,,,,,,,,,,,,,,,,,,,,,,,,,,,,,,,,,,,,,,,,,,,,,,,,,,,,,,,,,,,,,,,,,,,,,,,,,,,,,,,,,,,,,
PHIL1,0.12154350198608536,-0.00833240199457681,0.0,0.0061317360184422005,-0.03778447444090733,-0.08155800243553846,,,,,,,,,,,,,,,,,,,,,,,,,,,,,,,,,,,,,,,,,,,,,,,,,,,,,,,,,,,,,,,,,,,,,,,,,,,,,,,,,,,,,,,,,,,,,,,,,,,,,,,,,,,,,,,,,,,,,,,,,,,,,,,,,,,,,,,,,,,,,,,,,,,,,,,,,,,,,,,,,,,,,,,,
CS348B,0.023188179196329903,0.0,0.0,0.0,0.0,-0.023188140880249553,,,,,,,,,,,,,,,,,,,,,,,,,,,,,,,,,,,,,,,,,,,,,,,,,,,,,,,,,,,,,,,,,,,,,,,,,,,-0.0031811397195243398,,,,,,,,,,,,,,,,,,,,,,,,,,,,,,,,,,,,,,,,,,,,,,,,,,,,,,,,,,,,,,,,,,,,,,,,,,,,,,,,,,,,,,,,,,,,,
ECON137,0.1713698793419539,0.0,0.0,0.0,-0.01511430798383844,-0.1562556288386351,,,,,0.13865893761013126,,,,,,,,,,,,0.1034855108655369,,,,,,,,,,,,,,,,,,,,,,,,,,,,,,,,,,,,,,,,,,,,,,,,,,,,,,,,,,,,,,,,,,,,,,,,,,,,,,,,,,,,,,,,,,,,,,,,,,,,,,,,,,,,,,,,,,,,,,,,,,,,,,,,,,,,,,,,,,,,,,,,,,,,,,,
CHEM31B,0.6206539799688477,-0.008523597871709889,0.0,0.0,-0.15234501456543165,-0.45978598640500995,,,,,,,,,,,,,,,,,,,,,,,,,,,,,,,,,,,,,,,,,,,,,,,,,,,,,,,,,,,,,,0.820043526168274,,,,,,,,,,,,,,,,,,,,,,,,,,,,,,,,,,,,,,,,,,,,,,,,,,,,,,,,,,,,,,,,,,,,,,,,,,,,,,,,,,,,,,,,,,,,,,,,,,,,,,,,,,
ECON157,0.0364319505573632,0.0,0.0,0.0,-0.015968218112454545,-0.02046431616423001,,,,,,,,,,,,,,,,,,0.049775882045541786,,,,,,,,,,,,,,,,,,,,,,,,,,,,,,,,,,,,,,,,,,,,,,,,,,,,,,,,,,,,,,,,,,,,,,,,,,,,,,,,,,,,,,,,,,,,,,,,,,,,,,,,,,,,,,,,,,,,,,,,,,,,,,,,,,,,,,,,,,,,,,,,,,,,,,
ECON102B,0.37102054732398504,0.0,0.0,-0.010147015896692174,-0.07141762877399338,-0.28945574098850635,,,,,,,,,,,,,,,,,0.34010684461861285,,,,,,,,,,,,,,,,,,,,,,,,,,,,,,,,,,,,,,,,,,,,,,,,,,,,,,,,,,,,,,,,,,,,,,,,,,,,,,,,,,,,,,,,,,,,,,,,,,,,,,,,,,,,,,,,,,,,,,,,,,,,,,,,,,,,,,,,,,,,,,,,,,,,,,,
CEE183,0.015854593375179683,0.0,0.0,0.0,-0.012951239389384209,-0.0028980425003235838,,,,,,,,,,,,,,,,,,,,,,,,,,,,,,,,,,,,,,,,,,,,,,,,0.011226434952513308,,,,,,,,,,,,,,,,,,,,,,,,,,,,0.014259087732886082,0.013573471128602316,,,,,,,,,,,,,,,,,,,,,,,,,,,,,,,,,,,,,,,,,,,,,,,,,,,,,,,,,,,,,,,,,,,,,,,,,,,,,,,,,,,,,,,,,,,
HUMBIO128,0.01666154600340137,0.0,0.0,0.0,0.0,-0.016661543467392924,,,,,,,,,,,,,,,,,,,,,,,,,,,,,,,,,,,,,,,,,,,,,,,,,,,,0.012744848442737287,0.012992172232577925,,,,,,,,,,,,,,,,,,,,,,,,,,,,,,,,,,,,,,,,,,,,,,,,,,,,,,,,,,,,,,,,,,,,,,,,,,,,,,,,,,,,,,,,,,,,,,,,,,,,,,,,,,,,,,,,,,,
ME161,0.21006957215170782,0.0,0.0,0.0,-0.06634482028692332,-0.14372431281220688,,,,,,,,,,,,,,0.03978387830108202,,,,,,,,,,,,,,,,,,,,,,,,,,,,,,,,,,,,,,,,,,,,,,,,,,,,,,,,,,,,,,,,0.17729460300478717,,,,,,,,,,,,,,,,,,,,,,,,,,,,,,,,,,,,,,,,,,,,,,,,,,,,,,,,,,,,,,,,,,,,,,,,,,,,,,,,,,,,,,,,,,
EE101B,0.109665573192886,0.0,0.0,0.0,-0.005821565494347264,-0.1038447222746778,,,,,,,,,,,,,,,,,,,,,,,,,,,,,,,,,,0.11601351604640378,,,,,,,,,,,,,,,,,,,,,,,,,,,,,,,0.09320499814715438,,,,,,,,,,,,,0.04525275958129961,,,,,,,,,,,,,,,,,,,,,,,,,,,,,,,,,,,,,,,,,,,,,,,,,,,,,,,,,,,,,,,,,,,,,,,,,,,,,,,,,,,,,,,,,,
ENERGY104,0.012257415943314658,0.0,0.0,0.0,-0.014626730420353657,0.0023693378442706872,,,,,,,,,,,,,,,,,,,,,,,,,,,,,,,,,,,,,,,,,,,,,,,,,,,,,,,,,,,,,,,,,,,,,,,,,,,,,,,0.0023256753832675992,0.0017493724830411,,,,,,,,,,,,,,,,,,,,,,,,,,,,,,,,,,,,,,,,,,,,,,,,,,,,,,,,,,,,,,,,,,,,,,,,,,,,,,,,,,,,,,,,
ECON159,0.03167822752218548,0.0,0.0,0.0,-0.022202579397123813,-0.009475562793993706,,,,,0.014344044364337288,,,,,,,,,,,,,0.0192638364696156,,,,,,,,,,,,,,,,,,,,,,,,,,,,,,,,,,,,,,,,,,,,,,,,,,,,,,,,,,,,,,,,,,,,,,,,,,,,,,,,,,,,,,,,,,,,,,,,,,,,,,,,,,,,,,,,,,,,,,,,,,,,,,,,,,,,,,,,,,,,,,,,,,,,,,
CS157,0.20308574028714732,-0.004282071754981202,0.0,0.007070206046692698,-0.05468480146501593,-0.15118914098041453,,,,,,,,,,,,,,,,0.24945582990473894,,,,,,,,,,,,,,,,,,,,,,,,,,,,,,,,,,,,,,,,,,,,,,,,,,,,,,,,,,,,,,,,,,,,,,,,,,,,,,,,,,,,,,,,,,,,,,,,,,,,,,,,,,,,,,,,,,,,,,,,,,,,,,,,,,,,,,,,,,,,,,,,,,,,,,,,
ENGR40,0.06136988073488117,0.0,0.0,-0.007416710467405915,-0.04145277240325364,-0.012505468518374278,,,,,,,,,,,,,,,,,,,,,,,,,,,,,,,,,,,,,,,,,,,,,,,,,,,,,,,,,,,,,,,,,,,,,,,,,,,,,,,,,,,,,,,,,,,,,,,,,,,,,,,,,,,,,,,,,,,,,,,,,,,,,,,,,,,,,,,,,,,,,,,,,,,,,,,,,,,,,,,,,,,,,,,,
CHEM131,0.2782174969594671,0.0,0.0,0.0,-0.030566483305333316,-0.2476490186647871,,,,,,0.27922187659985753,,,,,,,,,,,,,,,,,,,,,,,,,,,,,,,,,,,,,,,,,,,,,,,,,,,,,,,,,,,,,,,,,,,,,,,,,,,,,,,,,,,,,,,,,,,,,,,,,,,,,,,,,,,,,,,,,,,,,,,,,,,,,,,,,,,,,,,,,,,,,,,,,,,,,,,,,,,,,,,,,,
MATH121,0.04736438877879217,0.0,0.0,0.0,0.0,-0.04736116081963799,,,,,,,,,,,,,,,,,,,,,,,,,,,,,,,,,,,,,,,,,,,,,,,,,,,,,,,,,,,,,,,,,,,,,,,,,,,,,,,,,0.007667397232668396,-0.009320991322843284,,,,,,,,,,,,,,,,,,,,,,,,,,,,,,,,,,,,,,,,,,,,,,,,,,,,,,,,,,,,,,,,,,,,,,,,,,,,,,,,,,,,,,
ECON112,0.023180018375506782,0.0,0.0,0.0,-0.009340722336009131,-0.01383851807517921,,,,,,,,,,,,,,,,,,,,,,,,,,,,,,,,,,,,,,,,,,,0.02704351987312845,,,,,,,,,,,,,,,,,,,,,,,,,,,,,,,,,,,,,,,,0.03170022959098995,,,,,,,,,,,,,,,,,,,,,,,,,,,,,,,,,,,,,,,,,,,,,,,,,,,,,,,,,,,,,,,,,,,,,,,,,,,,,,,,,,,,,
EE65,0.11498760364282934,0.0,0.0,0.0,-0.015534227498640163,-0.09945342713790842,,,,,,,,,,,,,,,,,,,,,,,,,,,,,,,,,,,,,,,,,,,,,,,,,,,,,,,,,,,,,,,,,,,,,,,,,,,,,,,,,,,,,,,,,,,,,,,,,,,,,,,,,,,,,,,,,,,,,,,,,,,,,,,,,,,,,,,,,,,,,,,,,,,,,,,,,,,,,,,,,,,,,,,,
MS&E245G,0.0206998613452565,0.0,0.0,0.0,-0.01355497518159367,-0.0071446793053915,,,,,0.0325183198953978,,,,,,,,,,,,0.027554211083454797,,,,,,,,,,,,,,,,,,,,,,,,,,,,,,,,,,,,,,,,,,,,,,,,,,,,,,,,,,,,,,,,,,,,,,,,,,,,,,,,,,,,,,,,,,,,,,,,,,,,,,,,,,,,,,,,,,,,,,,,,,,,,,,,,,,,,,,,,,,,,,,,,,,,,,,
CS131,0.17391093659295578,0.0,0.0,0.00496647680915811,-0.03684040700902272,-0.14203087239561724,,,,,,,,,,,,,,,,,,,,,,,,,,,,,,,,,,,,,,,,,,,,,,,,,,,,,,,,,,,,,,,,,,,,,,,,,,,,,,,,,,,,,,,,,,,,,,,,,,,,,,,,,,,,,,,,,,,,,,,,,,,,,,,,,,,,,,,,,,,,,,,,,,,,,,,,,,,,,,,,,,,,,,,,
CS124,0.27494120906104846,0.0,0.0,0.0,-0.1511980709474842,-0.1237395558983746,,,,,,,,,,,,,,,,0.23268086061447016,,,,,,,,,,,,,,,,,,,,,,,,,,,,,,0.2674786561101301,0.23402052873253015,,,,,,,,,,,,,,,,,,,,,,,,,,,,,,,,,,,,,,,,,,,,,,,,,,,,,,,,,,,,,,,,,,,,,,,,,,,,,,,,,,,,,,,,,,,,,,,,,,,,,,,,,,,,,,,,,,,,,,,,,
ECON140,0.11346687892072628,0.0,0.0,-0.006932461190343784,-0.01366664994650194,-0.09286771020395802,,,,,,,,,,,,,,,,,0.05037436997002811,0.06454425308897144,,,,,,,,,,,,,,,,,,,,,,,,,,,,,,,,,,,,,,,,,,,,,,,,,,,,,,,,,,,,,,,,,,,,,,,,,,,,,,,,,,,,,,,,,,,,,,,,,,,,,,,,,,,,,,,,,,,,,,,,,,,,,,,,,,,,,,,,,,,,,,,,,,,,,,
BIOE41,0.05372245466000938,0.0,0.0,0.0,-0.0069404241792523904,-0.046782025821829276,,,,,,,,,,,,,0.015638879658824042,,,,,,,,,,,,0.0027282774904226906,0.014479213909978018,,,,,,,,,,,,,,,,,,,,,,,,,,,,,,0.058237711921031644,,,,,0.03573309672455852,0.02512817207172786,,,,,,,,,,,,,,,,,,,,,,0.02295288159591732,0.0,,,,,,,,,,,,,,,,,,,,,,,,,,,,,,,,,,,,,,,,,,,,,,,,,,,,,,,,,,,,,,,,,,,,,,,,,,,,,,,,,,,
STATS203,0.027264682878731888,0.0,0.0,0.0,0.0,-0.027264613776636165,,,,,,,,,,,,,,,,,,,,,,,,,,,,,,,,,,,,,,,,,,,,,,,,,,,,,,,,,,,,,,,,,,,,,,,,,,,,,,,,,,,,,,0.007656603513497213,,,,,,,,,,,,,,,,,,,,,,,,,,,,,,,,,,,,,,,,,,,,,,,,,,,,,,,,,,,,,,,,,,,,,,,,,,,,,,,,,,
MATH215A,0.012521011361791661,0.0,0.0,0.00148012397733924,0.0,-0.014001050245681665,,,,,,,,,,,,,,,,,,,,,,,,,,,,,,,,,,,,,,,,,,,,,,,,,,,,,,,,,,,,,,,,,,,,,,,,,,,,,,,,,,,,,,,,,,,,,,,,,,,,,,,,,,,,,,,,,,,,,,,,,,,,,,,,,,,,,,,,,,,,,,,,,,,,,,,,,,,,,,,,,,,,,,,,
CS103,0.7316683637010826,-0.005454920958211296,0.0,0.17541285171362161,-0.2330307983384766,-0.6685810148891234,,,,,,,,,,,,,,,,,,,,,,,,,,,,,,,,,,,,,,,,,,,,,,,,,,,,,,,,,,,,,,,,,,,,,,,,,,,,,,,,,,,,,,,-0.13205763116946698,,,,,,,,,,,,,,,,,,,,,,,,,,,,,,,,,,,,,,,,,,,,,,,,,,,,,,,,,,,,,,,,,,,,,,,,,,,,,,,,,
COMM108,0.07524585195966924,0.0019216715337113965,0.0,-0.006131571888062358,-0.07146531304190658,0.00042951641245606785,,,,,,,,,,,,,,,,,,,,,,,,,,,,,,,,,,,,,,,,,,,,,,,,,,,,0.05681143604988855,,,,,,,,,,,,,,,,,,,,,,,,,,,,,,,,,,,,,,,,,,,,,,,,,,,,,,,,,,,,,,,,,,,,,,,,,,,,,,,,,,,,,,,,,,,,,,,,,,,,,,,,,,,,,,,,,,,,
ECON102C,0.01508964408982927,0.0,0.0,-0.00915529123688493,-0.00915529123688493,0.0032210326899732703,,,,,,,,,,,,,,,,,,,,,,,,,,,,,,,,,,,,,,,,,,,0.026663822403657403,,,,,,,,,,,,,,,,,,,,,,,,,,,,,,,,,,,,,,,,,,,,,,,,,,,,,,,,,,,,,,,,,,,,,,,,,,,,,,,,,,,,,,,,,,,,,,,,,,,,,,,,,,,,,,,,,,,,,,,,,,,,,
ECON178,0.048570848607531,0.0,0.0,-0.008990436938841911,-0.006880330048434181,-0.0327010605225945,,,,,,,,,,,,,,,,,0.05779460141387952,0.034915495885306895,,,,,,,,,,,,,,,,,,,,,,,,,,,,,,,,,,,,,,,,,,,,,,,,,,,,,,,,,,,,,,,,,,,,,,,,,,,,,,,,,,,,,,,,,,,,,,,,,,,,,,,,,,,,,,,,,,,,,,,,,,,,,,,,,,,,,,,,,,,,,,,,,,,,,,
CME108,0.058312017606876,0.0,0.0,0.0,0.0,-0.05831200998416262,,,,,,,,,,0.015415652768189755,,,0.020101568279319207,0.01615138114326001,,,,,,,,,,,,,,,,,,,,,,,,,,,,,,,,,,,,,,,,,,,,,,,,,,,,,,,,,,,,,,,,,,,,,,,,,-0.00024677045528856206,,,,,,,,,,,,,,,,,,,,,,,,,,,,,,,,,,,,,,,,,,,,,,,,,,,,,,,,,,,,,,,,,,,,,,,,,,,,,,,,,
BIO153,0.04478862069923129,0.0,0.0,0.0,-0.022910936405531993,-0.02187763429156852,,,,,,,,,,,,,,,,,,,,,,,,,,,,,,,,,,,,,,,,,,,,,,,,,,,,0.03860170944828659,,,,,,,,,,,,,,,,,,,,,,,,,,,,,,,,,,,,,,,,,,,,,,,,,,,,,,,,,,,,,,,,,,,,,,,,,,,,,,,,,,,,,,,,,,,,,,,,,,,,,,,,,,,,,,,,,,,,
ECON141,0.03577483689941955,0.0,0.0,-0.00878377452289666,0.0,-0.02698985475479467,,,,,,,,,,,,,,,,,,0.048249390235164544,,,,,,,,,,,,,,,,,,,,,,,,,,,,,,,,,,,,,,,,,,,,,,,,,,,,,,,,,,,,,,,,,0.011142576228789176,,,,,,,,,,,,,,,,,,,,,,,,,,,,,,,,,,,,,,,,,,,,,,,,,,,,,,,,,,,,,,,,,,,,,,,,,,,,,,,,,,,,,
MCS100,0.009901984581453622,0.0,0.0,0.0,0.0,-0.00990617026461678,,,,,,,,,,,,,,,,,,,0.0033155045973011195,,,,,,,,,,,,,,,,,,,,,,,,,,,,,,,,,,,,,,,,,,,,,,,,,,,,,,,0.0008328821201662796,,,,,,,,,,,,,,0.0,,,,,,,,,,,,,,,,,,,,,,,,,,,,,,,,,,,,,,,,,,,,,,,,,,,,,,,,,,,,,,,,,,,,,,,,,,,,,,,,
BIOE101,0.1854009218491388,0.0,0.0,-0.010916407251934752,-0.017211632155229157,-0.15727737372744702,,,,,,,,,,,,,,,,,,,,,,,,,,,,,,,,,,,,,,,,,,,,,,,,,,,,,,,,,,,,,,,,,,,,,,,,,,,,,,0.08079315123822926,,,,,,,,,,,0.1104779849341187,0.10643204038992007,,,,,,,,,,,,,,,,,,,,,,,,,,,,,,,,,,,,,,,,,,,,,,,,,,,,,,,,,,,,,,,,,,,,,,,,,,,,,,
ME346A,0.027401948089989574,0.0,0.0,0.0,0.0,-0.027401600145145963,,,,,,,,,,,,,,,,,,,,,,,,,,,,,,,,,,,,,,,,,,,,,,,,,,,,,,,,,,,,,,,,,,,,,,,,,,,,,,,,,,,,,,,,,,,0.00794471170069809,,,,,,,,,,,,,,,,,,,,,,,,,,,,,,,,,,,,,,,,,,,,,,,,,,,,,,,,,,,,,,,,,,,,,,,,,,,,,
PHIL151,0.11260214510430325,0.0,0.0,0.0,-0.012430221573393456,-0.10016483341589148,,,,,,,,,,,,,,,,,,,,,,,,,,,,,,,,,,,,,,,,,,,,,,,,,,,,,,,,,,,,,,,,,,,,,,,,,,,,,,,,,,,,,,,,,,,,0.054487373700709406,,,,,,,,,,,,,,,,,,,,,,,,,,,,,,,,,,,,,,,,,,,,,,,,,,,,,,,,,,,,,,,,,,,,,,,,,,,,
PHYSICS131,0.09476225739869877,0.0,0.0,0.0,-0.0038522136322399194,-0.09091002583066138,,,,,,,,,,,,0.03470097503209164,,,,,,,,,,,,,,,,,,,,,,,,,,,,,,,,,,,,,,,,,,,,,,,,,,,,,,,,,,,,,,,,,,,,,,,,,,,,,,,,,0.1100005995184049,0.08446719349719492,0.01588446360660668,-0.004262769446630033,,,,,,,,,,,,,,,,,,,,,,,,,,,,,,,,,,,,,,,,,,,,,,,,,,,,,,,,,,,,,,,,,,,,,,,,
GS4,0.04075863969952389,0.0,0.0,0.0,-0.017785353490956116,-0.022973306316581083,,,,,,,,,,,,,,,,,,,,,,,,,,,,,,,,,,,,,,,,,,,,,,,,,,,,,,,,,,,,,,,,,,,,,,,,,,,,,,,,,,,,,,,,,,,,,,,,,,,,,,,,,,,,,,,,,,,,,,,,,,,,,,,,,,,,,,,,,,,,,,,,,,,,,,,,,,,,,,,,,,,,,,,,
CME102,0.45169085766780986,0.0033697030089402096,0.0,0.016117256251324156,-0.10146825135030084,-0.36971187454317594,,,,,,,,,,,,,,,,,,,,,,,,,,,,,,,,,,,,,,,,,,,,,,,,,,,,,,,,,,,,,,,,,,,,,,,,,,,,,,,,,,,,0.3107470853500596,,,,,,,,,,,,,,,,,,,,,,,,,,,,,,,,,,,,,,,,,,,,,,,,,,,,,,,,,,,,,,,,,,,,,,,,,,,,,,,,,,,,
ECON111,0.05156704242522845,0.0,0.0,0.0,-0.016428756308419275,-0.0351383730675188,,,,,0.06553967981139328,,,,,,,,,,,,,,,,,,,,,,,,,,,,,,,,,,,,,,,,,,,,,,,,,,,,,,,,,,,,,,,,,,,,,,,,,,,,,,0.04134697488935624,,,,,,,,,,,,,,,,,,,,,,,,,,,,,,,,,,,,,,,,,,,,,,,,,,,,,,,,,,,,,,,,,,,,,,,,,,,,,,,,,,,,,
ME115B,0.051570258587088226,0.0,0.0,0.0,-0.04473821077651543,-0.006832002601488069,,,,,,,,,,,,,,,,,,,,,,,,,,,,,,,,,,,,,,,,,,,,,,,,,,-0.01746624655135744,,,,,,,,,,,,,,,,,,,,,,,,,,,,,,,,,,,,,,,,,,,,,,,,,,,,,,,,,,,,,,,,,,,,,,,,,,,,,,,,,,,,,,,,,,,,,,,,,,,,,,,,,,,,,,,,,,,,,,
CS110,0.6080506051766058,0.006658357614556688,-0.003319444204929909,-0.011058710245528387,-0.10010592081080177,-0.5002247143616586,,,,,,,,,,,,,,,,,,,,,,,,,,,,,,,,,,,,,,,,,,,,,,,0.5629976846457898,,,,,,,,,,,,,,,,,,,,,,,,,,,,,,,,,,,,,,,,,,,,,,,,,,,,,,,,,,,,,,,,,,,,,,,,,,,,,,,,,,,,,,,,,,,,,,,,,,,,,,,,,,,,,,,,,,,,,,,,,
PHYSICS120,0.10646244735799845,0.0,0.0,-0.006862268058087969,-0.027272762269113206,-0.07232733485576263,,,,,,,,,,0.040761062540785604,,,,0.037449506186394504,,,,,,,,,,,,,,,,,,,,,,,,,,,,,,-0.07781320841372368,,,,,,,,,,,,,,,,,,,,,,,,,,,,,,,,,,,,,,,,,,,,,,,,,,,0.032476279652244505,0.0,,,,,,,,,,,,,,,,,,,,,,,,,,,,,,,,,,,,,,,,,,,,,,,,,,,,,,,,,,,,,,,,,,,,,,,,
PSYCH131,0.03270439083529709,0.0,0.0,0.0,-0.009257543058122656,-0.023446767229379946,,,,,,,,,,,,,,,,,,,,,,,,,,,,,,,,,,,,,,,,,,,,,,,,,,,,0.008113237299977883,,,,,,,,,,,,,,,,,,,,,,,,,,,,,,,,,,,,,,,,,,,,,0.0015116124296903983,,,,,,,,,,,,,,,,,,,,,,,,,,,,,,,,,,,,,,,,,,,,,,,,,,,,,,,,,,,,,,,,,,,,,,,
EE103,0.1352642579769215,0.0,0.0,-0.01379010792430517,-0.023741002590042637,-0.09773330977658382,,,,,,,,,,,,,0.05504800806190247,,,,,,,,,,,,,,,,,,,,,,,,,,,,,,,,,,,,,,,,,,,,,,,,,,,,,,,,,,,,,,,,,,,,,,,0.05819952444329109,,,,,,,,,,,,,,,,,,,,,,,,,,,,,,,,,,,,,,,,,,,,,,,,,,,,,,,,,,,,,,,,,,,,,,,,,,,,,,,,,,,,
ENGR105,0.14471836036946906,0.0,0.0,0.0,-0.011054954876031036,-0.13367034243266268,,,,,,,,,,,,,,,,,,,,,,,,,,,,,,,,,,,,,,,,,,,,,,,,,,,,,,,,,,,,,,,,,,,,,,,,,,,,,,,,,,,,,,,,,,,,,,,,,,0.04201449245171636,,,,,,,,,,,,,,,,,,,,,,,,,,,,,,,,,,,,,,,,,,,,,,,,,,,,,,,,,,,,,,,,,,,,,,
PHIL184,0.04956345030069583,0.0,0.0,-0.0069088933614120645,-0.005438498182353674,-0.03721150932323202,,,,,,,,,,,,,,,,,,,,,,,,,,,,,,,,,,,,0.054260851889980616,,,,,,,,,,,,,,,,,,,,,,,,,,,,,,,,,,,,,,,,,,,,,,,,,,,,,,,,,,,,,,,,,,,,,,,,,,,,,,,,,,,,,,,,,,,,,,,,,,,,,,,,,,,,,,,,,,,,,,,,,,,,,,,,,,,,
EE222,0.03301600053710045,0.0,0.0,0.002801593889268451,-0.0071772515040651975,-0.02864043530016587,,,,,,,,,,0.008777594926483934,,,,0.029517056660565935,,,,,,,,,,,,,,,,,,,,,,,,,,,,,,-0.004019887351954758,,,,,,,,,,,,,,,,,,,,,,,,,,,,,,,,,,,,,,,,,,,,,,,,,,,,,,,0.011584013884513958,0.009227954052640175,0.007986498787557798,,,,,,,,,,,,,,,,,,,,,,,,,,,,,,,,,,,,,,,,,,,,,,,,,,,,,,,,,,,,,,,,,,,
EE263,0.11919965524590595,0.0,0.0,0.0,-0.033311699426330034,-0.08588758471222416,,,,,,,,,,,,,,,,,,,,,,,,,,,,,,,,,,,,,,,,,,,,,,,,,,,,,,,,,,,,,,,,,,,,,,,,,,,,,,,,,,,,,,,,,,,,,,,,,,,,,,0.021997258887936105,0.020297376080923395,,,,,,,,,,,,,,,,,,,,,,,,,,,,,,,,,,,,,,,,,,,,,,,,,,,,,,,,,,,,,,,,,
PUBLPOL104,0.06110100124016885,0.0,0.0,0.0,-0.02108309596259972,-0.04001830523711986,,,,,0.05971054169447447,,,,,,,,,,,,,,,,,,,,,,,,,,,,,,,,,,,,,,0.048078478300647466,,,,,,,,,,,,,,,,,,,,,,,,,,,,,,,,,,,,,,,,,,,,,,,,,,,,,,,,,,,,,,,,,,,,,,,,,,,,,,,,,,,,,,,,,,,,,,,,,,,,,,,,,,,,,,,,,,,,,,,,,,,,,
ME318,-0.005044406783383874,0.0,0.0,0.0,0.0013787663575447143,0.0036661238860514187,,,,,,,,,,,,,,,,,,,,,,,,,,,,,,,,,,,,,,,,,,,,,,,,,,,,,,,,,,,,,,,,,,,,,,,,,,,,,,,,,,,,,,,,,,,,,,,,,,,,,,,,,,,,,,,,,,,,,,,,,,,,,,,,,,,,,,,,,,,,,,,,,,,,,,,,,,,,,,,,,,,,,,,,
LINGUIST130A,0.06919259489516406,0.0,0.0,-0.008209483352568355,0.001774052485062672,-0.06275700652708914,,,,,,,,,,,,,,,,,,,,,,,,,,,,,,,,,,,,,,,,,,,,,,,,,,,,,,,,,,,,,,,,,,,,,,,,,,,,,,,,,,,,,,,,,,,,,,,,,,,,,,,,0.0018679164379866383,,,,,,,,,,,,,,,,,,,,,,,,,,,,,,,,,,,,,,,,,,,,,,,,,,,,,,,,,,,,,,,,
CEE101C,0.06202555342839351,0.0,0.0,0.0,-0.021717155206983856,-0.04030878010109545,,,,,,,,,,,,,,,,,,,,,,,,,,,,,,,,,,,,,,,,,,,,,,,,,,,,,,0.0575809152025057,,,,,,,,,,,,,,,,,,,,,,,,,,,,,,,,,,,,,,,,,,,,,,,,,,,0.04995733690624615,,,,,,,,,,,,,,,,,,,,,,,,,,,,,,,,,,,,,,,,,,,,,,,,,,,,,,,,,,,,,,,
PHYSICS45,0.5465919017745877,0.0,0.0,0.06646085640985926,-0.1407703830737605,-0.4722829691770978,,,,,,,,,,,,,,,,,,,,,,,,,,,,,,,,,,,,,,,,,,,,,,,,,,,,,,,,0.3148191306323848,,,,,,,,,,,,,,,,,,,,,,,,,,,,,,,,,,,,,,,,,,,,,,,,,,,,,,,,,,,,,,,,,,,,,,,,,,,,,,,,,,,,,,,,,,,,,,,,,,,,,,,,,,,,,,,,
HUMBIO3B,0.3485456330262534,0.0,0.0,0.0,-0.05209136078633518,-0.29644617664108275,,,,,,,,,,,,,,,,,,,,,,,,,,,,,,,,,,,,,,,,,,,,,,,,,,,,,,,,,,,,,,,,,,,,,,,,,,,,,,,,,,,,,,,,,,,,,,,,,,,,,,,,,,,,,,,,,,,,,,,,,,,,,,,,,,,,,,,,,,,,,,,,,,,,,,,,,,,,,,,,,,,,,,,,
MATH113,0.2547252727057865,0.0,0.0,0.019817877069919897,-0.08045569554036668,-0.194087374682867,,,,,,,,,,,,,,,,,,,,,,,,,,,,,,,,,,,,,,,,,,,,,,,,,,,,,,,,,,,,,,,,,,,,,,,,,,,,,,,,,,,,,,,,,,,,,,,,,,,,,,,,,,,,,,,,,,,,,,,,,,,,,,,,,,,,,,,,,,,,,,,,,,,,,,,,,,,,,,,,,,,,,,,,
EE124,0.06561610228624846,0.0,0.0,0.0,-0.013479541200387468,-0.052135105177359524,,,,,,,,,,,,,,,,,,,,,,,,,,,,,,,,,,0.052248832446693594,,,,,,,,,,,,,,,,,,,,,,,,,,,,,,,0.062044408704335766,,,,,,,,,,,,,,,,,,,,,,,,,,,,,,,,,,,,,,,,,,,,,,,,,,,,,,,,,,,,,,,,,,,,,,,,,,,,,,,,,,,,,,,,,,,,,,,,,,,,,,,
LINGUIST105,0.018778386674583963,-0.0088050856149174,0.0,0.0,0.0,-0.009968214305626014,,,,,,,,,,,,,,,,,,,,,,,,,,,,,,,,,,,,,,,,,,,,,,,,,,,,,,,,,,,,,,,,,,,,,,,,,,,,,,,,,,,,,,,,,,,,,,,,,,,,,,,,,,,,,,,,,,,,,,,,,,,,,,,,,,,,,,,,,,,,,,,,,,,,,,,,,,,,,,,,,,,,,,,,
EE122A,0.011246787994119945,0.0,0.0,0.0,0.0,-0.011246784360069992,,,,,,,,,,,,,,,,,,,,,,,,,,,,,,,,,,,,,,,,,,,,,,,,,,,,,,,,,,,,,,,,,,,,,,,,,,,,,,,,,,,,,,,,,,,,,,,,,,,,,,,,,,,,,,,,,,,,,,,,,,,,,,,,,,,,,,,,,,,,,,,,,,,,,,,,,,,,,,,,,,,,,,,,
CHEMENG162,0.021861876650371363,0.0,0.0,0.0,-0.006182840075409388,-0.015679011909630468,,,0.015664489653025068,,,,,,0.023182256251924088,,,,,,,,,,,,,,,,,,,,,,,,,,,,,,,,,,,,,,,,,,,,,,,,,,,,0.014630665477345171,,,,,,,,,,,,,,,,,,,,,,,,,,,,,,,,,,,,,,,,,,,,,,,,,,,,,,,,,,,,,,,,,,,,,,,,,,,,,,,,,,,,,,,,,,,,,,,,,,,,,,,,,,,
PSYCH60B,0.04665223687973014,0.0,0.0,-0.0052643607419344905,-0.01760654904684724,-0.023778560824726888,,,,,,,,,,,,,,,,,,,,,,,,,,,,,,,,,,,,,,,,,,,,,,,,,,,,0.029250367755456242,,,,,,,,,,,,,,,,,,,,,,,,,,,,,,,,,,,,,,,,,,,,,,,,,,,,,,,,,,,,,,,,,,,,,,,,,,,,,,,,,,,,,,,,,,,,,,,,,,,,,,,,,,,,,,,,,,,,
EE142,0.042716071372849065,0.0,0.0,0.0,0.0,-0.04271606747698706,,,,,,,,,,,,,,,,,,,,,,,,,,,,,,,,,,,,,,,,,,,,,,,,,,,,,,,,,,,,,,,,,,,,,,,,,,,,,,,,,,,,,,,,,,,,,,,,,,,,,,,,,,,,,,,,,,,,,,,,,,,,,,,,,,,,,,,,,,,,,,,,,,,,,,,,,,,,,,,,,,,,,,,,
PHIL102,0.0919130735047455,-0.007630534101986138,0.0,-0.015233504215554992,-0.04536952554822803,-0.02367646101639959,,,,,,,,,,,,,,,,,,,,,,,,,,,,,,,,,,,,,,,,,,,,,,,,,,,,,,,,,,,,,,,,,,,,,,,,,,,,,,,,,,,,,,,,,,,,,,,,,,,,,,,,,,,,,,,,,,,,,,,,,,,,,,,,,,,,,,,,,,,,,,,,,,,,,,,,,,,,,,,,,,,,,,,,
CS224S,0.013443886785317329,0.0,0.0,0.0,0.002744763633712502,-0.016188903604355494,,,,,,,,,,,,,,,,,,,,,,,,,,,,,,,,,,,,,,,,,,,,,,,,,,,,,,,,,,,,,,,,,,,,0.0018948128252429895,0.0041380223956863655,,,,,,,,,,,,,,,,,,,,,,,,,,,,,,,,,,,,,0.008223361087829898,0.005535014505623096,,,,,,,,,,,,,,,,,,,,,,,,,,,,,,,,,,,,,,,,,,,,,,,,,,,,,,,,,,,,,
CHEM33,0.6019510204804366,-0.00438850153947623,0.0,-0.00438850153947623,-0.09972677302316246,-0.49345130812786264,,,,,,,,,,,,,,,,,,,,,,,,,,,,,,,,,,,,,,,,,,,,,,,,,,,,,,,,,,,,,0.30014997076181166,0.13431773295083818,,,,,,,,,,,,,,,,,,,,,,,,,,,,,,,,,,,,,,,,,,,,,,,,,,,,,,,,,,,,,,,,,,,,,,,,,,,,,,,,,,,,,,,,,,,,,,,,,,,,,,,,,,
ECON118,0.09462612314957058,0.0,0.0,0.0023648465505309033,-0.020375309143500595,-0.0766155878293043,,,,,,,,,,,,,,,,,,,,,,,,,,,,,,,,,,,,,,,,,,,0.10505614185838326,,,,,,,,,,,,,,,,,,,,,,,,,,,,,,,,,,,,,,,,0.0639851806673531,,,,,,,,,,,,,,,,,,,,,,,,,,,,,,,,,,,,,,,,,,,,,,,,,,,,,,,,,,,,,,,,,,,,,,,,,,,,,,,,,,,,,
STATS200,0.25646748169381645,0.0,0.0,-0.0053781427239403485,-0.01676225019064996,-0.23434084852000053,,,,,,,,,,,,,,,,,,,0.009293143203028586,,,,,,,,,,,,,,,,,,,,,,,,,,,,,,,,,,,,,,,,,,,,,,,,,,,,,,,,,,,,,,,,,,,,,,,,,,,,,,,,,,,,,,,,,,,,,,,,,,,,,,,,,,,,,,,,,,,,,,,,,,,,,,,,,,,,,,,,,,,,,,,,,,,,,
CS223A,0.0603806745107648,0.0,0.0,0.0,-0.005727683377711279,-0.05466495983479475,,,,,,,,,,,,,,,,,,,,,,,,,,,,,,,,,,,,,,,,,,,,,,,,,,,,,,,,,,,,,,,,,,,,,,,,,,,,,,,,,,,,,,,,,,,,,,,,,,,,,,,,,,,,,,,,,,,,,,,,,,,,,,,,,,,,,,,,,,,,,,,,,,,,,,,,,,,,,,,,,,,,,,,,
CS193A,0.018905632581711747,0.0,0.0,0.0,-0.01789275884245466,-0.0010176951706750777,,,,,,,,,,,,,,,,,,,,,,,,,,,,,,,,,,,,,,,,,,,,,,,,,,,,,,,,,,,,,,,0.012942833800667693,,,,,,,,,,,,,,,,,,,,,,,,,,,,,,,,,,,,,,,,,,,,,,,,,,,,,,,,,,,,,,,,,,,,,,,,,,,,,,,,,,,,,,,,,,,,,,,,,,,,,,,,,
MS&E226,0.07144194269925505,0.0,0.0,0.0,-0.0073059873269180385,-0.06413778183761885,,,,,,,,,,,,,0.020477226583789237,,,,,,-0.0012662686434109184,,,,,,,,,,,,,,,,,,,,,,,,,,,,,,,,,,,,,,,,,,,,,,,,,,,,,,,,,,,,,,0.01053270128366566,,,-0.0017061063559651944,,,,,,,,,,,,,,,,,,,,,,,,0.0,0.0,,,,,,,,,,,,,,,,,,,,,,,,,,,,,,,,,,,,,,,,,,,,,,,,,,,,,,,,,,,
CHEMENG25B,0.019738587423805368,0.0,0.0,0.0,-0.005990646653860628,-0.01374803432370705,,,,,,,,,,,,,,,,,,,,,,,,,0.0,,,,,,,,,,,,,,,,,,,,,,,,,,,,,,,,,,,,,,,,,,,,,,,,,,,,,,,,,,,,,,,,,,,,,,,,,,,,,,,,,,,,,,,,,,,,,,,,,,,,,,,,,,,,,,,,,,,,,,,,,,,,,,,,,,,,,,,,,,,,,,,
CS161,0.6280407294146986,0.0,0.0,-0.0401393532182521,-0.11393912545648757,-0.47396425812297793,,,,,,,,,,,,,,,,0.383354961164001,,,0.07938929310896173,,,,,,,,,,,,,,,,,,,,,,,,,,,0.4061044306666086,,,,,,,,,,,,,,,,,,,,,,,,,,,,,,,,,,,,,,,,,,,,,,,,,,,,,,,,,,,,,,,,,,,,,,,,,,,,,,,,,,,,,,,,,,,,,,,,,,,,,,,,,,,,,,,,,,,,,,,,,,
OSPKYOTO40M,0.006253722266069386,0.0,0.0,0.0,0.0,-0.006252816502312692,,,,,,,,,,,,,,,,,,,,,,,,,,,,,,,,,,,,,,,,,,,,,,,,,,,,,,,,,,,,,,,,,,,,,,,,,,,,,,,,,,,,,,,-0.0021901265126140664,,,,,,,,,,,,,,,,,,,,,,,,,,,,,,,,,,,,,,,,,,,,,,,,,,,,,,,,,,,,,,,,,,,,,,,,,,,,,,,,,
CHEMENG185A,0.023226284052713868,0.0,0.0,0.0,-0.007765447241540776,-0.015460627715865158,,,,,,,,,,,,,,,,,,,,,,,,,,,,,,,,,,,,,,,,,,,,,,,,,,,,,,,,,,,,,,,,,,,,,,,,,0.034968376009427184,,,,,,,,,,,,,,,,,,,,,,,,,,,,,,,,,,,,,0.025612524310058248,0.020773842246687758,,,,,,,,,,,,,,,,,,,,,,,,,,,,,,,,,,,,,,,,,,,,,,,,,,,,,,,,,
MATH115,0.12126425028155983,0.0,0.0,-0.006523404598853509,-0.0031920145679491534,-0.11157376800040598,,,,,,,,,,,,,0.06288493919575541,,,,,,,,,,,,,,,,,,,,,,,,,,,,,,,,,,,,,,,,,,,,,,,,,,,,,,,,,,,,,,,,,,,,,,,,,,,,,,,,,,,,,,,,,,,,,,,,,,,,,,,,,,,,,,,,,,,,,,,,,,,,,,,,,,,,,,,,,,,,,,,,,,,,,,,,,,,
PHIL187,0.0508572151775179,0.0,0.0,0.0,-0.023777272249386555,-0.027079511252518198,,,,,,,,,,,,,,,,,,,,,,,,,,,,,,,,,,,,0.05400056549039571,,,,,,,,,,,,,,,,,,,,,,,,,,,,,,,,,,,,,,,,,,,,,,,,,,,,,,,,,,,,,,,,,,,,,,,,,,,,,,,,,,,,,,,,,,,,,,,,,,,,,,,,,,,,,,,,,,,,,,,,,,,,,,,,,,,,
EE102B,0.08141431326391729,0.0,0.0,0.0,0.0,-0.08141662387049932,,,,,,,,,,,,,,,,,,,,,,,,,,,,,,,,,,0.09042208132748347,,,,,,,,,,,,,,,,,,,,,,,,,,,,,,,,,,,,,,,,,,,,,,,,,,,,,,,,,,,,,,,,,,,,,,,,,,,,,,,,,,,,,,,,,,,,,,,,,,,,,,,,,,,,,,,,,,,,,,,,,,,,,,,,,,,,,,
ME210,0.08951567087410865,0.0,0.0,0.0,-0.014380329586399435,-0.07513543458866216,,,,,,,,,,,,,,,,,,,,,0.012775751396987065,,,,,,,,,,,,,,,,,,,,,,,,,,,,,,,,,,,,,,,,,,,,,,,,,,,,,,,,,,,,,,,,,,,,,,,,,,,,,,,,,,,,,,,,,,,,,,,,,,,,,,,,,,,,,,,,,,,,,,,,,,,,,,,,,,,,,,,,,,,,,,,,,,,
MS&E245A,0.04179853153242576,0.0,0.0,0.0,-0.022120925465288942,-0.019677675058114193,,,,,,,,,,,,,,,,,,,,,,,,,,,,,,,,,,,,,,,,,,,,,,,,,,,,,,,,,,,,,,,,,,,,,,,,,,,,,,,,,,,,,,,,,,,,,,,,,,,,,,,,,,,,,,,,,,,,,,,,,,,,,,,,,,,,,,,,,,,,,,,,,,,,,,,,,,,,,,,,,,,,,,,,
CS109,0.7056848222239683,-0.005584363934605018,0.0,-0.0009475935214253931,-0.20045823058637907,-0.4987214873788358,,,,,,,,,,,,,0.44299936606895185,,,0.2946337325547523,,,,,,,,,,,,,,,,,,,,,,,,,,,,,,,,,,,,,,,,,,,,,,,0.16383475380985102,,,,,,,,,,,,,,,,,,,,,0.22560022891834966,,,,,,,,,,,,,,,,,,,,,,,,,,,,0.24206944518875023,,,,,,,,,,,,,,,,,,,,,,,,,,,,,,,,,,,,,,,,,,,,,,,,,,,,,,,,
PHYSICS231,0.007466628230686749,0.0,0.0,0.0,0.0,-0.007466579425425261,,,,,,,,,,,,,,,,,,,,,,,,,,,,,,,,,,,,,,,,,,,,,,,,,,,,,,,,,,,,,,,,,,,,,,,,,,,,,,,,,,,,,,,,,,,,,,,,,,,,,,,,,,,,,,,,,0.0068458046320371045,,,,,,,,,,,,,,,,,,,,,,,,,,,,,,,,,,,,,,,,,,,,,,,,,,,,,,,
EE153,0.02890768288669693,0.0,0.0,0.0,0.0,-0.02890780713322714,,,,,,,,,,,,,,,,,,,,,,,,,,,,,,,,,,,,,,,,,,,,,,,,,,,,,,,,,,,,,,,,,,,,,,,,,,,,,,,,,,,,,,,,,,,,,,,,,,,,,,,,,,,,,,,,,,0.016519467751282033,,,,,,,,,,,,,,,,,,,,,,,,,,,,,,,,,,,,,,,,,,,,,,,,,,,,,,
CHEMENG110,0.0831282903403657,0.0,0.0,0.0,-0.029102265404182055,-0.05402556663580744,,,0.08139506650912474,,,,,,,,,,,,,,,,,,,,,,,,,,,,,,,,,,,,,,,,,,,,,,,,,,,,,,,,,,,,,,,,,,,,,,,,,,,,,,,,,,,,,,,,,,,,,,,,,,,,,,,,,,,,,,,,,,,,,,,,,,,,,,,,,,,,,,,,,,,,,,,,,,,,,,,,,,,,,,,,,,,,,
ME140,0.07559788152787995,0.0,0.0,0.0,-0.018086061411100966,-0.05751184773224294,,,,,,,,,,,,,,,,,,,,,,,,,,,,,,,,,,,,,,,,,,,,,,,,,,,,,,,0.05506542118959432,,,,,,,,,,,,,,,,,,,,,,,,,,,,,,,,,,,,,,,,,,,,,,,,,,,,,,,,,,,,0.1052898543148361,0.015443808687235747,,,,,,,,,,,,,,,,,,,,,,,,,,,,,,,,,,,,,,,,,,,,,,,,,,,,
ME131A,0.24459034166201502,0.0,0.0,0.0,-0.056655863424822255,-0.18793460039304713,,,,,,,,,,,,,,,,,,,,,,,,,,,,,,,,,,,,,,,,,,,,,,,,,,,,,,,0.11798708344544773,,,,,,,,,,,,,,,,,,,,,,,,,,,,,,,,,,,,,,,,,,,,,,,,,,,,,,,,,,,,,0.168813592451062,,,,,,,,,,,,,,,,,,,,,,,,,,,,,,,,,,,,,,,,,,,,,,,,,,,,
HUMBIO129S,0.03185749475379572,0.0,0.0,0.0,-0.008896372752896894,-0.022960991121497958,,,,,,,,,,,,,,,,,,,,,,,,,,,,,,,,,,,,,,,,,,,,,,,,,,,,,,,,,,,,,,,,,,,,,,,,,,,,,,,,,,,,,,,,,,,,,,,,,,,,,,,,,,,,,,,,,,,,,,,,,,,,,,,,,,,,,,,,,,,,,,,,,,,,,,,,,,,,,,,,,,,,,,,,
PHYSICS110,0.12781535904232316,0.0,0.0,0.015028959126259265,-0.014876945383916765,-0.12796790605750533,,,,,,,,,,,,,,,,,,,,,,,,,,,,,,,,,,,,,,,,,,,,,,,,,,,,,,,,,,,,,,,,,,,,,,,,,,,,,,,,,,,,,,,,,,,,,0.09516940772924733,,0.05443459406726639,,,,,,,,,,,,,,,,,,,,,,0.013816952038167357,,,,,,,,,,,,,,,,,,,,,,,,,,,,,,,,,,,,,,,,,,,,,,,,,,,
ENERGY160,0.0061405360366387305,0.0,0.0,-0.008449536182057632,0.0,0.0023200113737105645,,,,,,,,,,,,,,,,,,,,,,,,,,,,,,,,,,,,,,,,,,,,,,,,,,,,,,,,,,,,,,,,,,,,,,,,,,,,,,,,,,,,,0.0,,,,,,,,,,,,,,,,,,,,,,,,,,,,,,,,,0.0015356492417495197,,,,,,,,,,,,,,,,,,,,,,,,,,,,,,,,,,,,,,,,,,,,,,,,,,
EE180,0.11727561454278282,0.0,0.0,0.0,-0.01441078108837427,-0.10286514139907006,,,,,,,,,,,,,,,,,,,,,,,,,,,,,,,,,,,,,,,,,,,,,,,0.08763438376334896,,,,,,,,,,,,,,,,,,,,,,,,,,,,,,,,,,,,,,,,,,,,,,,,,,,,,,,,,,,,,,,,,,,,,,,,0.014938264706555073,,,,,,,,,,,,,,,,,,,,,,,,,,,,,,,,,,,,,,,,,,,,,,,,,
CHEMENG170,0.11481374871466056,0.0,0.0,0.0,-0.010181913412822466,-0.1046318076428566,,,,,,,,,,,,,,,,,,,,,,,,,,,,,,,,,,,,,,,,,,,,,,,,,,,,,,,,,,,,,,,,,,,,,,,,,0.08466037093811507,,,,,,,,,,,,,,,,,,,,,,,,,,,,,,,,,,,,,0.048966260020826935,,,,,,,,,,0.07945313571504613,,,,,,,,,,,,,,,,,,,,,,,,,,,,,,,,,,,,,,,,,,,,,,,,
CS242,0.049708282907285656,0.0,0.0,0.0,-0.01623760488099252,-0.03347059925859497,,,,,,,,,,,,,,,,,,,,,,,,,,,,,,,,,,,,,,,,,,,,,,,0.030493126916024217,,,,,,,,,,,,,,,,,,,,,,,,,,,,,,,,,,,,,,,,,,,,,,,,,,,,,,,,,,,,,,,,,,,,,,,,,,,,,,,,,,,,,,,,,,,,,,,,,,,,,,,,,,,,,,,,,,,,,,,,,
HUMBIO4A,0.41918763002226084,-0.0050980735679456955,0.0,0.0,-0.09735547121524432,-0.3167353500591012,,,,,,,,,,,,,,,,,,,,,,,,,,,,,,,,,,,,,,,,,,,,,,,,,,,,,,,,,,,,,,,,,,,,,,,,,,,,,,,,,,,,,,,,,,,,,,,,,,,,,,,,,,,,,,,,,,,,,,,,,,,,,,,,,,,,,,,,,,,,,,,,,,,,,,,,,,,,,,,,,,,,,,,,
CS221,0.5311006183210012,0.0,0.0,-0.02834599820975378,-0.11759537268442313,-0.385162607768007,,,,,,,,,,,,,,,,0.2936175282064984,,,,,,,,,,,,,,,,,,,,,,,,,,,,,,0.35045627702211085,0.3817411713461582,,,,,,,,,,,,,,,,0.16698825219648902,,,,,,,,,,,,,,,,,,,,,,,,,,,,,,,,,,,,,,,,,,,,,,,,,0.10688449359158277,,,,,,,,,,,,,,,,,,,,,,,,,,,,,,,,,,,,,,,,,,,,,,,,,,,,,,,,
PHYSICS330,0.0055519251757012444,0.0,0.0,0.0,0.0,-0.0055519090610682935,,,,,,,,,,,,,,,,,,,,,,,,,,,,,,,,,,,,,,,,,,,,,,,,,,,,,,,,,,,,,,,,,,,,,,,,,,,,,,,,,,,,,,,,,,,,,0.00381373179562892,,,,,,,,,,,,,,,,,,,,,,,,,,,,-0.005294464696452708,,,,,,,,,,,,,,,,,,,,,,,,,,,,,,,,,,,,,,,,,,,,,,,
PHYSICS121,0.15061827607594044,0.0,0.0,0.0,-0.012722884274604412,-0.13788245751797096,,,,,,,,,,,,,,,,,,,,,,,,,,,,,,,,,,,,,,,,,,,,,,,,,,,,,,,,,,,,,,,,,,,,,,,,,,,,,,,,,,,,,,,,,,,,,,,0.032321412417079184,0.0065067831248702464,,,,,,,,,,,,,,,,,,,,,,,,,,,,,,,,,,,,,,,,,,,,,,,,,,,,,,,,,,,,,,,,,,,,,,,,
MATH171,0.10048621592831478,0.0,0.0,0.01996882995815933,-0.018319062605610215,-0.10213832096289098,,,,,,,,,,,,,,,,,,,,,,,,,,,,,,,,,,,,,,,,,,,,,,,,,,,,,,,,,,,,,,,,,,-0.03602733830201931,,,,,,,,,,,,,,,,,,,,,,,,,,,,,,,,,,,,,,,,,,,,,,,,,,,,,,,,0.025540478146983965,,,,,,,,,,,,,,,,,,,,,,,,,,,,,,,,,,,,,,,,,,,,,,
PHYSICS21,0.2726056170389888,0.0,0.0,0.027968078940788507,-0.05963385481602833,-0.2409338441126901,,,,,,,,,,,,,,,,,,,,,,,,,,,,,,,,,,,,,,,,,,,,,,,,,,,,,,,,,,,,,,,,,,,,,,,,,,,,,,,,,,,,,,,,,,,,,,,,,,,,,,,,,,,,,,,,,,,,,,,,,,,,,,,,,,,,,,,,,,,,,,,,,,,,,,,,,,,,,,,,,,,,,,,,
PSYCH45,0.2247381512595793,0.0,0.0,-0.0064935709499538705,-0.04639015999201521,-0.17185534052908855,,,,,,,,,,,,,,,,,,,,,,,,,,,,,,,,,,,,,,,,,,,,,,,,,,,,0.15970930121930701,,,,,,,,,,,,,,,,,,,,,,,,,,,,,,,,,,,,,,,,,,,,,,,,,,,,,,,,,,,,,,,,,,,,,,,,,,,,,,,,,,,,,,,,,,,,,,,,,,,,,,,,,,,,,,,,,,,,
PHYSICS113,0.023344493527185713,0.0,0.0,0.0,0.0,-0.023353342132925,,,,,,,,,,,,,,0.017790231323480208,,,,,,,,,,,,,,,,,,,,,,,,,,,,,,,,,,,,,,,,,,,,,,,,,,,,,,,,,,,,,,,,,,,,,,,,,,,,,,,,,,,,,,,,,,,,,,,,,,,,,,,,,,,,,,,,,,,,,,,,,,,,,,,,,,,,,,,,,,,,,,,,,,,,,,,,,,
MS&E221,0.09368001815297457,0.0,0.0,0.0,0.0,-0.09367986238471444,,,,,,,,,,,,,,,,,,,,,,,,,,,,,,,,,,,,,,,,,,,,,,,,,,,,,,,,,,,,,,,,,,,,,,,,,,,,,,,,,,,,,,,,,,,,,,,,,,,,,,,,,,,,,,,,,,,,,,,,,,,0.007281694433519235,,,,,,,,,,,,,,,,,,,,,,,,,,,,,,,,,,,,,,,,,,,,,
BIOE103,0.10399217117050599,0.0,0.0,0.0,-0.0137953155704413,-0.09019682497717903,,,,,,,,,,,,,,,,,,,,,,,,,,,,,,,,,,,,,,,,,,,,,,,,,,,,,,,,0.060236724936201726,,,,,,,,,,,,,,,,,,,,,,0.07435719797231367,,,,,,,,,,,0.04908639202789358,0.04019467125579402,,,,,,,,,,,,,,,,,,,,,,,,,,,,,,,,,,,,,,,,,,,,,,,,,,,,,,,,,,,,,,,,,,,,,,,,,,,,,,
EE223,0.004971874071913728,0.0,0.0,0.0,0.0,-0.0049717161392682134,,,,,,,,,,,,,,,,,,,,,,,,,,,,,,,,,,,,,,,,,,,,,,,,,,,,,,,,,,,,,,,,,,,,,,,,,,,,,,,,,,,,,,,,,,,,,,,,,,,,,,,,,,,,,,,,,,,,,,,,,,,,0.005603420555535522,,,,,,,,,,,,,,,,,,,,,,,,,,,,,,,,,,,,,,,,,,,,
ENGR50,0.0845055037201176,0.0,0.0,0.0,-0.0241086603993364,-0.06039679941641829,,,,,,,,,,,,,,,,,,,,,,,,,,,,,,,,,,,,,,,,,,,,,,,,,,,,,,,,,,,,,,,,,,,,,,,,,,,,,,,,,,,,,,,,,,,,,,,,,,,,,,,,,,,,,,,,,,,,,,,,,,,,,,,,,,,,,,,,,,,,,,,,,,,,,,,,,,,,,,,,,,,,,,,,
MATH19,0.1024767943479508,-0.0019875861723595983,0.0,0.19099001641959135,-0.1164152198787644,-0.1750636766238387,,,,,,,,,,,,,,,,,,,,,,,,,,,,,,,,,,,,,,,,,,,,,,,,,,,,,,,,,,,,,,,,,,,,,,,,,,,,,,,,,,,,,,,,,,,,,,,,,,,,,,,,,,,,,,,,,,,,,,,,,,,,,,,,,,,,,,,,,,,,,,,,,,,,,,,,,,,,,,,,,,,,,,,,
PSYCH60,0.14637444076628756,0.0,0.0,-0.01101631732120366,-0.07191803892607838,-0.06343950867665134,,,,,,,,,,,,,,,,,,,,,,,,,,,,,,,,,,,,,,,,,,,,,,,,,,,,0.1598369812093502,,,,,,,,,,,,,,,,,,,,,,,,,,,,,,,,,,,,,,,,,,,,,,,,,,,,,,,,,,,,,,,,,,,,,,,,,,,,,,,,,,,,,,,,,,,,,,,,,,,,,,,,,,,,,,,,,,,,
CHEM151,0.1123223267820096,0.0,0.0,-0.011371603952517928,-0.010983195397563119,-0.0899674503496229,,,0.02082892008439301,,,0.07917385639687245,,,,,,,,,,,,,,,,,,,,,,,,,,,,,,,,,,,,,,,,,,,,,,,,,,,,,,,,,,,,,,,,,,,,,,,,,,,,,,,,,,,,,,,,,,,,,,,,,,,,,,,,,,,,,,,,,,,,,,,,,,,,,,,,,,,,,,,,,,,,,,,,,,,,,,,,,,,,,,,,,,
CS228,0.11032922041313643,0.0,0.0,0.0,-0.02509053982002394,-0.08523873230077682,,,,,,,,,,,,,,,,,,,,,,,,,,,,,,,,,,,,,,,,,,,,,,,,,,,,,,,,,,,,,,,,,,,,,,,,,,,,,,,,,,,,,,,,,,,,,,,,,,,,,,,,,,,,,,,,,,,,,,,,,,,,,,,,,,,,,,,,,,,,,,,,,,,,,,,,,,,,,,,,,,,,,,,,
PHYSICS41A,0.036268981698413555,0.0,0.0,0.0,-0.014114514565068978,-0.02215448139663058,,,,,,,,,,,,,,,,,,,,,,,,,,,,,,,,,,,,,,,,,,,,,,,,,,,,,,,,,,,,,,,,,,,,,,,,,,,,,,,,,,,,,,,,,,,,,,,,,,,,,,,,,,,,,,,,,,,,,,,,,,,,,,,,,,,,,,,,,,,,,,,,,,,,,,,,,,,,,,,,,,,,,,,,
MATH42,0.1132422433788022,-0.01027130259974386,0.0,0.04246022781957428,-0.06012683212774615,-0.08530327237032759,,,,,,,,,,,,,,,,,,,,,,,,,0.1165750375942312,,,,,,,,,,,,,,,,,,,,,,,,,,,,,,,,,,,,,,,,,,,,,,,,,,,,,,,,,,,,,,,,,,,,,,,,,,,,,,,,,,,,,,,,,,,,,,,,,,,,,,,,,,,,,,,,,,,,,,,,,,,,,,,,,,,,,,,,,,,,,,,
CHEMENG150,0.07970143959113447,0.0,0.0,0.0,-0.016582567650591497,-0.06312035003915223,,,,,,,,,,,,,,,,,,,,,,,,,,,,,,,,,,,,,,,,,,,,,,,,,,,,,,,,,,,,,,,,,,,,,,,,,,,,,,,,,,,,,,,,,,,,,,,,,,,,,,,,,,,,,,,0.08328696040935016,,,,,,,,,,,,,,,,,,,,,,,,,,,,,,,,,,,,,,,,,,,,,,,,,,,,,,,,,
PHYSICS107,0.06663799645864558,0.0,0.0,0.0,-0.029395028311471363,-0.037242761099339224,,,,,,,,,,,,,,,,,,,,,,,,,,,,,,,,,,,,,,,,,,,,,,,,,,,,,,,,,,,,,,,,,,,,,,,,,,,,,,,,,,,,,,,,,,,,,0.029129509835558093,0.06496065489310816,,,,,,,,,,,,,,,,,,,,,,,,,,,,,,,0.033903899069533096,0.002838914025606359,,,,,,,,,,,,,,,,,,,,,,,,,,,,,,,,,,,,,,,,,,
STATS141,0.08995156309976894,0.0,0.0,-0.003898726449843638,-0.029621528409067795,-0.056431229594574396,,,,,,,,,,,,,,,,,,,,,,,,,,,,,,,,,,,,,,,,,,,,,,,,,,,,,,,,,,,,,,,,,,,,,,,,,,,,,,,,,,,,,,,,,,,,,,,,,,,,,,,,,,,,,,,,,,,,,,,,,,,,,,,,,,,,,,,,,,,,,,,,,,,,,,,,,,,,,,,,,,,,,,,,
PSYCH147,0.02382384015432593,0.0,0.0,0.0011194320000781357,-0.01715352039432402,-0.00778856691006596,,,,,,,,,,,,,,,,,,,,,,,,,,,,,,,,,,,,,,,,,,,,,,,,,,,,,,,,,,,,,,,,,,,,,,,,,,,,,,,,,,,,,,,,,,,,,,,,,,,,,,,,,,,,,,,,,,,,,,,,,,,,,,,0.015858042322322383,-1.7454164520554304e-05,,,,,,,,,,,,,,,,,,,,,,,,,,,,,,,,,,,,,,,,
PHIL152,0.02174066382129491,0.0,0.0,0.0,0.0,-0.021740251190378486,,,,,,,,,,,,,,,,,,,,,,,,,,,,,,,,,,,,,,,,,,,,,,,,,,,,,,,,,,,,,,,,,,,,,,,,,,,,,,,,,,,,,,,,,,,,,,,,,,,,,,,,,,,,,,,,,,,,,,,,,,,,,,,,,-0.012435965872537409,,,,,,,,,,,,,,,,,,,,,,,,,,,,,,,,,,,,,,,
HUMBIO2A,0.5018950787123562,-0.014148023405340167,0.0,0.006162784887343877,-0.10338358125307591,-0.39052560133931774,,,,,,,,,,,,,,,,,,,,,,,,,,,,,,,,,,,,,,,,,,,,,,,,,,,,,,,,,,,,,,,,,,,,,,,,,,,,,,,,,,,,,,,,,,,,,,,,,,,,,,,,,,,,,,,,,,,,,,,,,,,,,,,,,,,,,,,,,,,,,,,,,,,,,,,,,,,,,,,,,,,,,,,,
ECON143,0.011672840786225847,0.0,0.0,0.0,-0.008661095073281137,-0.00301247235151698,,,,,,,,,,,,,,,,,,,,,,,,,,,,,,,,0.036718434500410686,,,,,,,,,,,,,,,,,,,,,,,,,,,,,,,,,,,,,,,,,,,,,,,,,,,,,,,,,,,,,,,,,,,,,,,,,,,,,,,,,,,,,,,,,,,,,,,,,,,,,,,,,,,,,,,,,,,,,,,,,,,,,,,,,,,,,,,,
CS147,0.12247336036768613,0.0,0.0,-0.013805099503026443,-0.042049031447956874,-0.06661870949827582,,,,,,,,,,,,,,,,,,,,,,,,,,,,,,,,,,,,,,,,,,,,,,,,,,,,,,,,,,,,,,,0.14095568703296607,,,,,,,,,,,,,,,,,,,,,,,,,,,,,,,,,,,,,,,,,,,,,,,,,0.0171256179163397,,,,,,,,,,,,,,,,,,,,,,,,,,,,,,,,,,,,,,,,,,,,,,,,,,,,,,,,
CS107E,0.1588652175016036,0.0,0.0,0.0,-0.018419696074477132,-0.14046105430244393,,,,,,,,,,,,,,,,,,,,,,,,,,,,,,,,,,,,,,,,,,,,,,,,,,,,,,,,,,,,,,,0.019304665477311175,,,,,,,,,,,,,,,,,,,,,,,,,,,,,,,,,,,,,,,,,,,,,,,,,0.02615053326438841,,,,,,,,,,,,,,,,,,,,,,,,,,,,,,,,,,,,,,,,,,,,,,,,,,,,,,,,
CS142,0.3194986269302035,0.0,0.0,-0.012457664299790467,-0.1339151441582449,-0.1731258989502961,,,,,,,,,,,,,,,,,,,,,,,,,,,,,,,,,,,,,,,,,,,,,,,0.37892376601786665,,,,,,,,,,,,,,,,,,,,,,,,,,,,,,,,,,,,,,,,,,,,,,,,,,,,,,,,,,,,,,,,,,,,,,,,,,,,,,,,,,,0.14113473148044636,,,,,,,,,,,,,,,,,,,,,,,,,,,,,,,,,,,,,,
OSPBER40M,0.02118764048004816,0.0,0.0,0.0,-0.018527815824576715,-0.0026593155974265806,,,,,,,,,,,,,,,,,,,,,,,,,,,,,,,,,,,,,,,,,,,,,,,,,,,,,,,,,,,,,,,,,,,,,,,,,,,,,,,,,,,,,,,0.00916639387799054,,,,,,,,,,,,,,,,,,,,,,,,,,,,,,,,,,,,,,,,,,,,,,,,,,,,,,,,,,,,,,,,,,,,,,,,,,,,,,,,,
MATH147,0.038132730870062845,0.0,0.0,0.0,0.0,-0.03813264483195542,,0.017897909724973328,,,,,,,,,,,,,,,,,,,,,,,,,,,,,,,,,,,,,,,,,,,,,,,,,,,,,,,,,,,,,,,,-0.013736694333054402,,,,,,,,,,,,,,,,,,,,,,,,,,,,,,,,,,,,,,,,,,,,,,,,,,,,,,,,,,,,,,,,,,,,,,,,,,,,,,,,,,,,,,,,,,,,,,,,,,,,,,
PHIL186,0.05072929083870092,0.0,0.0,-0.007865715625214216,-0.02137188218787706,-0.021491393203046976,,,,,,,,,,,,,,,,,,,,,,,,,,,,,,,,,,,,0.05413729772374519,,,,,,,,,,,,,,,,,,,,,,,,,,,,,,,,,,,,,,,,,,,,,,,,,,,,,,,,,,,,,,,,,,,,,,,,,,,,,,,,,,,,,,,,,,,,,,,,,,,,,,,,,,,,,,,,,,,,,,,,,,,,,,,,,,,,
CME100A,0.08849778996918799,0.0,0.0,0.09455573095994892,-0.07518393505051928,-0.10786982065347664,,,,,,,,,,,,,,,,,,,,,,,,,,,,,,,,,,,,,,,,,,,,,,,,,,,,,,,,,,,,,,,,,,,,,,,,,,,,,,,,,,,,,,,,,,,,,,,,,,,,,,,,,,,,,,,,,,,,,,,,,,,,,,,,,,,,,,,,,,,,,,,,,,,,,,,,,,,,,,,,,,,,,,,,
MATH120,0.14137897217872045,0.0,0.0,0.0240555578058094,-0.02375729266313525,-0.1416733073466255,,,,,,,,,,,,,,,,,,,,,,,,,,,,,,,,,,,,,,,,,,,,,,,,,,,,,,,,,,,,,,,,,,,,,,,,,,,,,,,,,,,,,,,,,,,,,,,,,,,,,,,,,,,,,,,,,,,,,,,,,,,,,,,,,,,,,,,,,,,,,,,,,,,,,,,,,,,,,,,,,,,,,,,,
ECON145,0.023401707956402153,0.0,0.0,0.0,-0.00819325161787287,-0.015208318135590877,,,,,,,,,,,,,,,,,,0.03387839096245073,,,,,,,,,,,,,,,,,,,,,,,,,0.02867514541190313,,,,,,,,,,,,,,,,,,,,,,,,,,,,,,,,,,,,,,,,,,,,,,,,,,,,,,,,,,,,,,,,,,,,,,,,,,,,,,,,,,,,,,,,,,,,,,,,,,,,,,,,,,,,,,,,,,,,,,,,,,,,,
EE114,0.051565235983511065,0.0,0.0,0.0,0.0,-0.05156526732551987,,,,,,,,,,,,,,,,,,,,,,,,,,,,,,,,,,,,,,,,,,,,,,,,,,,,,,,,,,,,,,,,,,,,,,,,,,,,,,,,,,,,,,,,,,,,,,,,,,,,,,,,,,,,,,,,,,0.06046434824802002,,,,,,,,,,,,,,,,,,,,,,,,,,,,,,,,,,,,,,,,,,,,,,,,,,,,,,
MS&E252,0.08489763075322854,0.0,0.0,0.0,-0.010934475540923734,-0.07396271008329404,,,,,,,,,,,,,,,,,,,,,,,,,,,,,,,,,,,,,,,,,,,,,,,,,,,,,,,,,,,,,,,,,,,,,,,,,,,,,,,,,,,,,,,,,,,,,,,,,,,,,,,,,,,,,,,,,,,,,,,,,,,,,,,,,,,,,,,,,,,,,,,,,,,,,,,,,,,,,,,,,,,,,,,,
CHEM175,0.09912606817474343,0.0,0.0,0.0,-0.037112185013322245,-0.06201343053227673,,,0.10490080159746111,,,,,,,,,,,,,,,,,,,,,,,,,,,,,,,,,,,,,,,,,,,,,,,,,,,,,,,,0.09527475912266055,,,,,,,,,,,,,,,,,,,,,,,,,,,,,,,,,,,,,,,,,,,,,,,,,,,,,,,,,,,,,,,,,,,,,,,,,,,,,,,,,,,,,,,,,,,,,,,,,,,,,,,,,,,,,
LINGUIST130B,0.04272344820648309,0.0,0.0,-0.007806339516387971,0.004350858447204401,-0.03926793682839615,,,,,,,,,,,,,,,,,,,,,,,,,,,,,,,,,,,,,,,,,,,,,,,,,,,,,,,,,,,,,,,,,,,,,,,,,,,,,,,,,,,,,,,,,,,,,,,,,0.001476293111847014,,,,,,,,,,,,,,,,,,,,,,,,,,,,,,,,,,,,,,,,,,,,,,,,,,,,,,,,,,,,,,,,,,,,,,,
MS&E125,0.09174043572151018,0.0,0.0,0.0,-0.04867453861811282,-0.04306583593022489,,,,,,,,,,,,,,,,,,,,,,,,,,,,,,,,,,,,,,,,,,,,,,,,,,,,,,,,,,0.10002977236126533,,,,,,,,,,,,,,,,,,,,,,,,,,,,,0.06417152072621464,,,,,,,,,,,,,,,,,,,,,,,,,,,,,,,,,,,,,,,,,,,,,,,,,,,,,,,,,,,,,,,,,,,,,,,,,,,,,,,,,
ENGR10,0.014560780946172625,0.0,0.0,0.0,-0.005857098091648732,-0.008703709910609977,,,,,,,,,,,,,,,,,,,,,,,,,,,,,,,,,,,,,,,,,,,,,,,,,,,,,,,,,,,,,,,,,,,,,,,,,,,,,,,,,,,,,,,,,,,,,,,,,,,,,,,,,,,,,,,,,,,,,,,,,,,,,,,,,,,,,,,,,,,,,,,,,,,,,,,,,,,,,,,,,,,,,,,,
ENGR40M,0.6052620185161299,-0.00593736433186206,0.0,0.06855289559187305,-0.18620330235088992,-0.48168714488966896,,,,,,,,,,,,,,,,,,,,,,,,,,,,,,,,,,,,,,,,,,,,,,,,,,,,,,,,,,,,,,,,,,,,,,,,,,,,,,,,,,,,,,,0.06985320039746659,,,,,,,,,,,,,,,,,,,,,,,,,,,,,,,,,,,,,,,,,,,,,,,,,,,,,,,,,,,,,,,,,,,,,,,,,,,,,,,,,
CS154,0.19856152703311622,0.0,0.0,0.0029484432367192295,-0.020136631353325152,-0.18137355491551474,,,,,,,,,,,,,,,,0.016301372920580315,,,,,,,,,,,,,,,,,,,,,,,,,,,,,,,,,,,,,,,,,,,,,,,,,,,,,,,,,,,,,,,,,,,,,,,,,,,,,,,,,,,,,,,,,,,,,,,,,,,,,,,,,,,,,,,,,,,,,,,,,,,,,,,,,,,,,,,,,,,,,,,,,,,,,,,,
BIO43,0.10810897632787188,0.0,0.0,0.0,-0.012339871281011442,-0.09576927574409612,,,,,,0.08863572225534601,,,,,,,,,,,,,,,,,,0.005050369770694828,0.006591827171159032,0.013677719822571736,-0.0021457245408935967,,,,,,,,,,,,,,,,,,,,,,,,,,,,,,,,,,0.05788345351746219,,,,,,,,,,,,,,,,,,,,,,,,,,,,0.10873693316998077,0.09506729489188502,,,,,,,,,,,,,,,,,,,,,,,,,,,,,,,,,,,,,,,,,-0.011040022800146317,,,,,,,,,,,,,,,,,,,,,,,,,,,,,,,,,,,,,
MATH145,0.013613541378288936,0.0,0.0,0.0012673488681553707,0.0,-0.014880849422741586,,,,,,,,,,,,,,,,,,,,,,,,,,,,,,,,,,,,,,,,,,,,,,,,,,,,,,,,,,,,,,,,,,,,,,,,,,,,,,,,,0.0099080833287012,,,,,,,,,,,,,,,,,,,,,,,,,,,,,,,,,,,,,,,,,,,,,,,,,,,0.003722149394565503,0.003711406306342184,0.002485969588959675,0.0024137193220635515,0.0,,,,,,,,,,,,,,,,,,,,,,,,,,,,,,,,
PSYCH146,0.06278053985172727,0.0,0.0,-0.0041459022091076755,-0.03208878273580638,-0.026546015945687063,,,,,,,,,,,,,,,,,,,,,,,,,,,,,,,,,,,,,,,,,,,,,,,,,,,,,,,,,,,,,,,,,,,,,,,,,,,,,,,,,,,,,,,,,,,,,,,,,,,,,,,,,,,,,,,,,,,,,,,,,,,,,,,0.023288856251612564,,,,,,,,,,,,,,,,,,,,,,,,,,,,,,,,,,,,,,,,,
PHIL154,0.0314675012155817,0.0,0.0,0.0,0.0,-0.03146657315223898,,,,,,,,,,,,,,,,,,,,,,,,,,,,,,,,,,,,,,,,,,,,,,,,,,,,,,,,,,,,,,,,,,,,,,,,,,,,,,,,,,,,,,,,,,,,0.026828868329102834,,,,,,,,,,,,,,,,,,,,,,,,,,,,,,,,,,,,,0.0317581338973982,,,,,,,,,,,,,,,,,,,,,,,,,,,,,,,,,,,,,,,
MATH41,0.018661999437906945,0.0,0.0,-0.0032290768645588295,-0.006995722931898305,-0.008439398708519752,,,,,,,,,,,,,,,,,,,,,,,,,,,,,,,,,,,,,,,,,,,,,,,,,,,,,,,,,,,,,,,,,,,,,,,,,,,,,,,,,,,,,,,,,,,,,,,,,,,,,,,,,,,,,,,,,,,,,,,,,,,,,,,,,,,,,,,,,,,,,,,,,,,,,,,,,,,,,,,,,,,,,,,,
CS261,0.021385725272805786,0.0,0.0,0.0,0.0,-0.02138617480995887,,,,,,,,,,,,,,,,,,,,,,,,,,,,,,,,,,,,,,,,,,,,,0.007584411940173863,,,,,,,,,,,,,,,,,,,,,,,,,,,,,,,,,,,,,,,,,,,,,,,,,,,,,,,,,,,,,,,,,,,,,,,,,,,,,,,,,,,,,,,,,,,,,,,,,,,,,,,,,,,,,,,,,,,,,,,,,,,
BIOE42,0.13410199175404777,0.0,0.0,-0.005890609429492786,-0.007640675411164611,-0.12057086563787181,,,,,,,,,,,,,0.042797761685674646,,,,,,,,,,,,0.003356526639722778,0.019358880772264612,,,,,,,,,,,,,,,,,,,,,,,,,,,,,,0.0629115957958385,,,,,0.03982334645597651,0.02245632008947713,,,,,,,,,,,,,,,,,,,,,,0.03663615716083848,0.05974087272263591,,0.03730239894213173,,,,,,,,,,,,,,,,,,,,,,,,,,,,,,,,,,,,,,,,,,,,,,,,,,,,,,,,,,,,,,,,,,,,,,,,,,,,,,,,,
CS240,0.0005402705979398036,0.0,0.0,0.0,-0.006173266636442624,0.005633023064023996,,,,,,,,,,,,,,,,,,,,,,,,,,,,,,,,,,,,,,,,,,,,,,,,,,,,,,,,,,,,,,,,,,,,,,,,,,,,,,,,,,,,,,,,,,,,,,,,,,,,,,,,,,,,,,,,,,,,,,,,,,,,,,,,,,,,,,,,,-0.0028210457575453597,,,,,,,,,,,,,,,,,,,,,,,,,,,,,,,
CS245,0.04195365451361277,0.0,0.0,0.0,-0.0062466362610374745,-0.03570644922994349,,,,,,,,,,,,,,,,,,,,,,,,,,,,,,,,,,,,,,,,,,,,,0.029518287605354562,,,,,,,,,,,,,,,,,,,,,,,,,,,,,,,,,,,,,,,,,,,,,,,,,,,,,,,,,,,,,,,,,,,,,,,,,,,,,,,,,,,,,,,,,,,,,0.033859293478468805,,,,,,,,,,,,,,,,,,,,,,,,,,,,,,
MS&E220,0.024510803373569853,0.0,0.0,0.0,-0.0067658468570733115,-0.017744874150098074,,,,,,,,,,,,,0.0250793093787781,,,,,,,,,,,,,,,,,,,,,,,,,,,,,,,,,,,,,,,,,,,,,,,,,,,,,,,,,,,,,,,,,,,,,,,-0.0035601284664991974,,,,,,,,,,,,,,,,,,,,,,,,,,,,,,,,,,,,,,,,,,,,,,,,,,,,,,,,,,,,,,,,,,,,,,,,,,,,,,,,,,,,
CS107,0.8266563182511635,-0.018329987222798973,0.0,0.049653824673709594,-0.277141061433274,-0.5808462530980406,,,,,,,,,,,,,,,,,,,,,,,,,,,,,,,,,,,,,,,,,,,,,,,,,,,,,,,,,,,,,,,0.32808870908591237,,,,,,,,,,,,,,,,,,,,,,,,,,,,,,,,,,,,,,,,,,,,,,,,,0.3837696524881705,,,,,,,,,,,,,,,,,,,,,,,,,,,,,,,,,,,,,,,,,,,,,,,,,,,,,,,,
PSYCH50,0.30651446148387695,-0.008055977261922784,-0.008055977261922784,0.0,-0.16075218808564104,-0.12964956089703725,,,,,,,,,,,,,,,,,,,,,,,,,,,,,,,,,,,,,,,,,,,,,,,,,,,,,,,,,,,,,,,,,,,,,,,,,,,,,,,,,,,,,,,,,,,,,,,,,,,,,,,,,,,,,,,,,,,,,,,,,,,,,,,,,,,,,,,,,,,,,,,,,,,,,,,,,,,,,,,,,,,,,,,,
BIO42,0.2959321858647441,0.0,0.0,0.0,-0.021036388477492146,-0.2748962600682767,,,,,,0.19655836059844678,,,,,,,,,,,,,,,,,,-0.0017985508191647745,-0.006453019654280998,0.03168531679440391,-0.028795506455078636,,,,,,,,,,,,,,,,,,,,,,,,,,,,,,,,,,0.14506666773673324,,,,,,,,,,,,,,,,,,,,,,,,,,,,0.2896097736787185,,,,,,,,,,,,,,,,,,,,,,,,,,,,,,,,,,,,,,,,,,-0.023338834254609087,,,,,,,,,,,,,,,,,,,,,,,,,,,,,,,,,,,,,
CS205A,0.07121379142232347,0.0,0.0,0.0,-0.004158282710197333,-0.06705558984753614,,,,,,,,,,,,,0.0009925627829274418,,,,,,,,,,,,,,,,,,,,,,,,,,,,,,,,,,,,,,,,,,,,,,,,,,0.027355017641687927,,,,,,,,,,,,,,,,,,,,,,,,,,,,,,,,,,,,,,,,,,,,,,,,,,,,,,,,,,,,,,,,,,,,,,,,,,,,,,,,,,,,,,,,,,,,,,,,,,,,,,,,,
CEE70,0.12382533246423222,0.0,0.0,0.0,-0.03905910656266596,-0.08478283190571044,,,,,,,,,,,,,,,,,,,,,,,,,,,,,,,,,,,,,,,,,,,,,,,,,,,,,,,,,,,,,,,,,,,,,,,,,,,,,,,,,,,,,,,,,,,,,,,,,,,,,,,,,,,,,,,,,,,,,,,,,,,,,,,,,,,,,,,,,,,,,,,,,,,,,,,,,,,,,,,,,,,,,,,,
BIO158,0.07050889181602078,0.0,0.0,0.0,-0.015836276703658312,-0.054671334946573016,,,,,,,,,,,,,,,,,,,,,,,,,,,,,,,,,,,,,,,,,,,,,,,,,,,,,,,,,,,,,,,,,,,,,,,,,,,,,,,,,,,,,,,,,,0.03256667370330215,,,,,,,,,,,,,,,,,,,,,,,,,,,,,,,,,,,,,,,,,,,,,,,,,,,,,,,,,,,,,,,,,,,,,,,,,,,,,,
ENGR205,0.0326019596256285,0.0,0.0,0.0,0.0,-0.03260196009585904,,,,,,,,,,,,,,,,,,,,,,,,,,,,,,,,,,,,,,,,,,,,,,,,,,,,,,,,,,,,,,,,,,,,,,,,,,,,,,,,,,0.0,,,,,,,,,,,,,,,,,,,,,,,,,,,,,,,,,,,,,,,,,,,,,,,,,,,,,,,,,0.0030428751582759982,,,,,,,,,,,,,,,,,,,,,,,,,,,,,
CHEMENG160,0.023507766670584664,0.0,0.0,0.0,-0.018256798362030025,-0.005250956806466347,,,0.012336292740120665,,,,,,0.027286457499933033,,,,,,,,,,,,,,,,,,,,,,,,,,,,,,,,,,,,,,,,,,,,,,,,,,,,0.01852056542788796,,,,,,,,,,,,,,,,,,,,,,,,,,,,,,,,,,,,,,,,,,,,,,,,,,,,,,,,,,,,,,,,,,,,,,,,,,,,,,,,,,,,,,,,,,,,,,,,,,,,,,,,,,,
MATH51M,0.0018798281906506707,0.0,0.0,0.0062250428417072665,0.0,-0.008104873365828677,,,,,,,,,,,,,,,,,,,,,,,,,,,,,,,,,,,,,,,,,,,,,,,,,,,,,,,,,,,,,,,,,,,,,,,,,,,,,,,,,,,,,,,,,,,,,,,,,,,,,,,,,,,,,,,,,,,,,,,,,,,,,,,,,,,,,,,,,,,,,,,,,,,,,,,,,,,,,,,,,,,,,,,,
PHYSICS63,0.08535756999164916,0.0,0.0,0.0,-0.01494006086059952,-0.07041741573016405,,,,,,,,,,-0.01286634338113406,,,0.017756256698333434,,,,,,,,,,0.08090618616573947,,,,,,,,,,,,,,,,,,,,,,,,,,,,,,,,,,,,,,,,,,,,,,,,,,,,,,,,,,,,,,,,,,,,,,,,,,,,,,,,,,,,,,,,,,,,,,,,,,,,,,,,,,,,,,,,,,,,,,,,,,,,,,,,,,,,,,,,,,,,,,,,,
MS&E111,0.1704168921852937,0.0,0.0,-0.006525851166985358,-0.023045266583287222,-0.1408456929325453,,,,,,,,,,,,,0.0884901781596591,,,,,,,,,,,,,,,,,,,,,,,,,,,,,,,,,,,,,,,,,,,,,,,,,,,,,,,,,,,,,,,,,,,,,,,0.08029588012053832,,,,,,,,,,,,,,,,,,,,,,,,,,,,,,,,,,,,,,,,,,,,,,,,,,,,,,,,,,,,,,,,,,,,,,,,,,,,,,,,,,,,
EE214B,0.024548555309350097,0.0,0.0,0.0,0.0,-0.024548478002429996,,,,,,,,,,,,,,,,,,,,,,,,,,,,,,,,,,,,,,,,,,,,,,,,,,,,,,,,,,,,,,,,,,,,,,,,,,,,,,,,,,,,,,,,,,,,,,,,,,,,,,,,,,,,,,,,,,,,,,,,,,,,,,,,,,,,,,,,,,,,0.01471908781198125,0.0027677174650059125,,,,,,,,,,,,,,,,,,,,,,,,,,,
CHEM31A,0.15181817422552865,-0.005812627035087427,0.0,0.15604405341958766,-0.07466697051127123,-0.2273759362254037,,,,,,,,,,,,,,,,,,,,,,,,,,,,,,,,,,,,,,,,,,,,,,,,,,,,,,,,,,,,,,,,,,,,,,,,,,,,,,,,,,,,,,,,,,,,,,,,,,,,,,,,,,,,,,,,,,,,,,,,,,,,,,,,,,,,,,,,,,,,,,,,,,,,,,,,,,,,,,,,,,,,,,,,
MATH107,0.07600335972968626,0.0,0.0,0.0,-0.014932396373978477,-0.0610707120159575,,,,,,,,,,,,,-0.013747730870874334,,,,,,,,,,,,,,,,,,,,,,,,,,,,,,,,,,,,,,,,,,,,,,,,,,,,,,,,,,,,,,,,,,,,,,,,,,,,,,,,,,,,,,,,,,,,,,,,,,,,,,,,,,,,,,,,,,,,,,,,,,,,,,,,,,,,,,,,,,,,,,,,,,,,,,,,,,,
CS168,0.11556888467087349,0.0,0.0,0.0,-0.026413652308735304,-0.08915270732911311,,,,,,,,,,,,,,,,,,,,,,,,,,,,,,,,,,,,,,,,,,,,,0.08971793652276712,,0.10525212880407336,,,,,,,,,,,,,,,,,,,,,,,,,,,,,,,,,,,,,,,,,,,,,,,,,,,,,,,,,,,,,,,,,,,,,,,,,,,,,,,,,,,,,,,,,,,,,,,,,,,,,,,,,,,,,,,,,,,,,,,,,
CHEMENG174,0.015142740088829657,0.0,0.0,0.0,0.0,-0.015142654651246866,,,,,,0.010342513710508842,,,0.018273807262686043,,,,,,,,,,,,,,,,,,,,,,,,,,,,,,,,,,,,,,,,,,,,,,,,,,,,,,,,,,,,,,,,,,,,,,,,,,,,,,,,,,,,,,,,,,,,,,,,,,,,,,0.015226403572212808,,,,,,,,,,,,,,,,,,,,,,,,,,,,,,,,,,,,,,,,,,,,,,,,,,,,,,,,,
ME115A,0.01842042658119258,0.0,0.0,0.0,-0.026200646925019087,0.007780712100084122,,,,,,,,,,,,,,,,,,,,,,,,,,,,,,,0.006700619944456745,,,,,,,,,,,,,,,,,,,,,,,,,,,,,,,,,,,,,,,,,,,,,,,,,,,,,,,,,,,,,,,,,,,,,,,,,,,,,,,,,,,,,,,,,,,,,,,,,,,,,,,,,,,,,,,,,,,,,,,,,,,,,,,,,,,,,,,,,
CHEMENG100,0.08285673114410463,0.0,0.0,0.0,-0.01920298810709514,-0.06365339191073374,,,,,,,,,,,,,,0.00032139185202698957,,,,,,,,,,,,,,,,,,,,,,,,,,,,,,,,,,,,,,,,,,,,,,,,,,,,,,,,,,,,,,,,0.08248985526960362,,,,,,,,,,,,,,,,,,,,,,,,,,,,,,,,,,,,,,,,,,,,,,,,,,,,,,,,,,,,,,,,0.05114316425208521,0.014959046741899611,,,,,,,,,,,,,,,,,,,,,,,,,
EE261,0.08966763744311168,0.0,0.0,-0.005850613728460832,0.0,-0.08381691565869434,,,,,,,,,,,,,,,,,,,,,,,,,,,,,,,,,,0.06767926531999102,,,,,,,,,,,,,,,,,,,,,,,,,,,,,,,,,,,,,,,,,,,,,,,,,,,,,,,,,,,,,,,,,,,,,,,,,,,,,,,,,,,,,,,,,,,,,,,,,,,,,,,,,,,,,,,,,,,,,,,,,,,,,,,,,,,,,,
PHYSICS108,0.018917298345235287,0.0,0.0,0.0,-0.008832578755449813,-0.010084622230813018,,,,,,,,,,,,,,,,,,,,,,,,,,,,,,,,,,,,,,,,,,,,,,,,,,,,,,,,,,,,,,,,,,,,,,,,,,,,,,,,,,,,,,,,,,,,,,,,,,,,,,,,,,,,,,,,,,,,,,,,,,,,,-0.006911086919687772,,,,,,,,,,,,,,,,,,,-0.00733784081057852,,,,,,,,,,,,,,,,,,,,,,,,
EE264,0.023584284412568605,0.0,0.0,0.0,0.0,-0.023584275381634958,,,,,,,,,,,,,,,,,,,,,,,,,,,,,,,,,,0.013651215102019136,,,,,,,,,,,,,,,,,,,,,,,,,,,,,,,,,,,,,,,,,,,,,,,,,,,,,,,,,,,,,,,,,,,,,0.005712877698491896,,,,,,,,,,,,,,,,,,,,,,,,,,,,,,,,,,,,,,,,,,,,,,,,,,,,,,,,,,,,,,,,,
CS108,0.25262050990153284,-0.007355778850496904,0.0,0.0,-0.07447448698848758,-0.1707881226149097,,,,,,,,,,,,,,,,,,,,,,,,,,,,,,,,,,,,,,,,,,,,,,,0.1892360667007049,,,,,,,,,,,,,,,,,,,,,,,,,,,,,,,,,,,,,,,,,,,,,,,,,,,,,,,,,,,,,,,,,,,,,,,,,,,,,,,,,,,,,,,,,,,,,,,,,,,,,,,,,,,,,,,,,,,,,,,,,
BIOE123,0.018912617602103516,0.0,0.0,0.0,0.0006832111826733214,-0.01959653534796808,,,,,,,,,,,,,,,,,,,,,,,,,,,,,,,,,,,,,,,,,,,,,,,,,,,,,,,,,,,,,,,,,,,,,,,,,,,,,,,,,,,,,,,,,,,,,,,,,,,,,,,,,,,,,,,,,,,,,,,,,,,,,,,,,,,,,,,,,,,,,,,,,0.019392068857999045,,,,,,,,,,,,,,,,,,,,,,,
STATS60,0.3334140151498318,-0.004249164632668881,0.0,0.0015434319850216429,-0.13009969415846095,-0.20060647471991844,,,,,,,,,,,,,,,,,,,,,,,,,,,,,,,,,,,,,,,,,,,,,,,,,,,,,,,,,,,,,,,,,,,,,,,,,,,,,,,,,,,,,,,,,,,,,,,,,,,,,,,,,,,,,,,,,,,,,,,,,,,,,,,,,,,,,,,,,,,,,,,,,,,,,,,,,,,,,,,,,,,,,,,,
CME106,0.30102089382348346,0.0,0.0,-0.00470252840151481,-0.032108216355436356,-0.26420955006273905,,,,,,,,,,0.02678452343059844,,,0.06237794061981737,,,,,,,,,,,,,,,,,,,,,,,,,,,,,,,,,,,,,,,,,,,,,,,,,,,,,,,,,,,,,,,,,,,,,,,0.1597883069237448,,,,,,,,,,,,,,,,,,,,,,,,,,,,,,,,,,,,,,,,,,,,,,,,,,,,,,,,,,,,,,0.0026211699113728565,,,,,,,,,,,,,,,,,,,,,,
CS231N,0.2120253041073181,0.0,0.0,0.0,-0.03598658397954594,-0.17603859184206425,,,,,,,,,,,,,,,,,,,,,,,,,,,,,,,,,,,,,,,,,,,,,,,,,,,,,,,,,,,,,,,,,,,,,,,,,,,,,,,,,,,,,,,,,,,,,,,,,,,,,,,,,,,0.12349971777972275,,,,,,,,,,,,,,,,,,,,,,,,,,,,,,,,,,,,,,,,0.027025510836182515,,,,,,,,,,,,,,,,,,,,,
MATH21,0.31779077124763155,-0.019799692041430245,-0.004987092446714889,0.26021874494371133,-0.201070796133073,-0.35216091908594216,,,,,,,,,,,,,,,,,,,,,,,,,,,0.47078452788427083,,,,,,,,,,,,,,,,,,,,,,,,,,,,,,,,,,,,,,,,,,,,,,,,,,,,,,,,,,,,,,,,,,,,,,,,,,,,,,,,,,,,,,,,,,,,,,,,,,,,,,,,,,,,,,,,,,,,,,,,,,,,,,,,,,,,,,,,,,,,,
ENGR62,0.07262950172952365,0.0,0.0,0.0,-0.035650214229606354,-0.03697923451090501,,,,,,,,,,,,,0.017801997099709903,,,,,,,,,,,,,,,,,,,,,,,,,,,,,,,,,,,,,,,,,,,,,,,,,,,,,,,,,,,,,,,,,,,,,,,0.0382794062142355,,,,,,,,,,,,,,,,,,,,,,,,,,,,,,,,,,,,,,,,,,,,,,,,,,,,,,,,,,,,,,,,,,,,,,,,,,,,,,,,,,,,
MATH143,0.03441079729565329,0.0,0.0,0.0,-0.008058181199945166,-0.026352631379269152,,,,,,,,,,,,,,,,,,,,,,,,,,,,,,,,,,,,,,,,,,,,,,,,,,,,,,,,,,,,,,,,,,,,,,,,,,,,,,,,,,,,,,,,,,,,,,,,,,,,,,,,,,,,,,,,,,,,,,,,,,,,,,,,,,,,,,,,,,,,,,,,,,,,,,,,,,,,,,,,,,,,,,,,
PHYSICS170,0.07230638941109134,0.0,0.0,0.002055912209645322,-0.015829667827286942,-0.05853209270235615,,,,,,,,,,,,,,,,,,,,,,,,,,,,,,,,,,,,,,,,,,,,,,,,,,,,,,,,,,,,,,,,,,,,,,,,,,,,,,,,,,,,,,,,,,,,,0.06997274293637704,,,,,,,,,,,,,,,,,,,,,,,,,,,,,,,,,,,,,,,,,,,,,,,,,,,,,,,,,,,,,,,,,,,,,,,,,,,
CS229,0.3910778106205792,-0.006989223719954386,0.0,-0.01962601814251477,-0.04831115629095313,-0.3161510012520877,,,,,,,,,,,,,,,,,,,,,,,,,,,,,,,,,,,,,,,,,,,,,,,,,,,,,,,,,,,,,,,,,,,,,,,,,,,,,,,,,,,,,,,,,,,,,,,,,,,,,,,,,,,,,,,,,,,,,,,,,,,,,,,,,,,,,,,,,,,,,,,,,,,,,,,,,,,,,,,,,,,,,,,,
CEE180,0.03223638277267386,0.0,0.0,0.0,-0.0007439035378367913,-0.03149243769009547,,,,,,,,,,,,,,,,,,,,,,,,,,,,,,,,,,,,,,,,,,,,,,,,,,,,,,0.01553339883528535,,,,,,,,,,,,,,,,,,,,,,,,,,,,,,,,,,,,,,,,,,,,,,,,,,,0.027607391630313997,,,,,,,,,,,,,,,,,,,,,,,,,,,,,,,,,,,,,,,,,,,,,,,,,,,,,,,,,,,,,,,
CS247,0.05612774396732195,0.0,0.0,0.0,-0.01137247756895471,-0.044752624274112654,,,,,,,,,,,,,,,,,,,,,,,,,,,,,,,,,,,,,,0.07381555904288788,,,,,,,,,,,,,,,,,,,,,,,,,0.06426812729456177,,,,,,,,,,,,,,,,,,,,,,,,,,,,,,,,,,,,,,,,,,,,,,,,,,,,,,,,,,,,,,,,,,,,,,,,,,,,,,,,,,,,,0.017815274472913634,,,,,,,,,,,,,,,,,,,,
PSYCH90,0.09305844476018663,0.0,0.0,0.012869935816864414,-0.056798491588429874,-0.049132880418527286,,,,,,,,,,,,,,,,,,,,,,,,,,,,,,,,,,,,,,,,,,,,,,,,,,,,0.09441031524976938,,,,,,,,,,,,,,,,,,,,,,,,,,,,,,,,,,,,,,,,,,,,,,,,,,,,,,,,,,,,,,,,,,,,,,,,,,,,,,,,,,,,,,,,,,,,,,,,,,,,,,,,,,,,,,,,,,,,
STATS217,0.035654122308460844,0.0,0.0,0.0,0.0,-0.03565382880113069,,,,,,,,,,,,,,,,,,,0.005740247202749481,,,,,,,,,,,,,,,,,,,,,,,,,,,,,,,,,,,,,,,,,,,,,,,,,,,,,,,,,,,,,,,,,,,,,,,,,,,,,,,,,,,,,,,,,,,,,,,,,,,,,,,,,,,,,,,,,,,,,,,,,,,,,,,,,,,,,,,,,,,,,,,,,,,,,
ENGR14,0.40621470018955,-0.00430012712003381,0.0,0.0013534412173423229,-0.15154051430190885,-0.251724288826723,,,,,,,,,,,,,,,,,,,,,,,,,,,,,,,,,,,,,,,,,,,,,,,,,,,,,,,,,,,,,,,,,,,,,,,,,,,,,,,,,,,,,,,,,,,,,,,,,,,,,,,,,,,,,,,,,,,,,,,,,,,,,,,,,,,,,,,,,,,,,,,,,,,,,,,,,,,,,,,,,,,,,,,,
EE169,0.0068851394280627694,0.0,0.0,0.0,0.0,-0.006885152727617423,,,,,,,,,,,,,,,,,,,,,,,,,,,,,,,,,,0.006119674348357121,,,,,,,,,,,,,,,,,,,,,,,,,,,,,,,,,,,,,,,,,,,,,,,,,,,,,,,,,,,,,,,,,,,,,0.005353652036021639,,,,,,,,,,,,,,,,,,,,,,,,,,,,,,,,,,,,,,,,,,,,,,,,,,,,,,,,,,,,,,,,,
STATS202,0.18681366361117444,0.0,0.0,0.002582894237915533,-0.014767868256292407,-0.17462393360575584,,,,,,,,,,,,,,,,,,,,,,,,,,,,,,,,,,,,,,,,,,,,,,,,,,,,,,,,,,,,,,,,,,,,,,,,,,,,,,,,,,,,,,,,,,,,,,,,,,,,,,,,,,,,,,,,,,,,,,,,,,,,,,,,,,,,,,,,,,,,,,,,,,,,,,,,,,,,,,,,,,,,,,,,
CS279,0.0647321803158088,0.0,0.0,0.0,-0.017329029746017577,-0.047403295154272426,,,,,,,,,,,,,,,,,,,,,,,,,,,,,,,,,,,,,,,,,,,,,,,,,,,,,,,,,,,,,,,,,,,,,,,,,,,,,,,,,,,,,,,0.03883069772967363,,,,,,,,,,,,,,,,,,,,,,,,,,,,,,,,,,,,,,,,,,,,,,,,,,,,,,,,,,,,,,,,,,,,,,,,,,,,,,,,,
EE278,0.03819190197030275,0.0,0.0,0.0,-0.010463225454256176,-0.027727995241678224,,,,,,,,,,,,,,,,,,,,,,,,,,,,,,,,,,0.048294730111390856,,,,,,,,,,,,,,,,,,,,,,,,,,,,,,,,,,,,,,,,,,,,,,,,,,,,,,,,,,,,,,,,,,,,,,,,,,,,,,,,,,,,,,,,,,,,,,,,,,,,,,,,,,,,,,,,,,,0.009973220891897472,0.00914795846256571,,,,,,,,,,,,,,,,,,
CEE101B,0.04173948171247212,0.0,0.0,0.0,-0.04053255739276714,-0.0012067712070904174,,,,,,,,,,,,,0.030608777215172953,,,,,,,,,,,,,,,,,,,,,,,,,,,,,,,,,,,,,,,,,,,0.0365410471759485,,,,,,,,,,,,,,,,,,,,,,,,,,,,,,,,,,,,,,,,,,,,,,,,,,,,,,,,,,,,,,,,,,,,,,,,,,,,,,,,,,,,,,,,,,,,,,,,,,,,,,,,,,,,,,,,
CS140,0.19422719367113284,0.0,0.0,0.0,-0.02741812685166921,-0.16682522635062452,,,,,,,,,,,,,,,,,,,,,,,,,,,,,,,,,,,,,,,,,,,,,,,,,,,,,,,,,,,,,,,,,,,,,,0.14334849775246036,,,,,,,,,,,,,,,,,,,,,,,,,,,,,,,,,,,,,,,,,,,,,,,,,,,,,,,,,,,,,,,,,,,,,,,,,,,,,,,,,,,,,,,,,,,,,,,,,,
CHEM171,0.20015664104821046,0.0,0.0,-0.006252473921798433,-0.015000326686201968,-0.17890277634971166,,,,,,,,,0.13340278408613757,,,,0.030634220932651515,,,,,,,,,,,,,,,,,,,,,,,,,,,,,,,,,,,,,,,,,,,,,,,,0.04326524220315259,0.010853371934487875,,,,,,,,,,,,,,,,,,,,,,0.07564713810966371,,,0.07375254305108661,,,,,,,,,,,,,,,,,,,,,,,,,,,,,,,,,,,,,,,,,,,,,,,,,,,,,,,,,,,,,,,,0.002685154613411129,0.0,,,,,,,,,,,,,,,,
PHYSICS43,0.627441560051707,0.0,0.0,-0.0215316719835179,-0.20205486614744902,-0.4037889195592482,,,,,,,,,,0.0742481891061845,,,,,,,,,,,,,,,,,,,,,,,,,,,,,,,,,,,,,,,,,,,,,,0.6617593690758354,,,,,,,,,,,,,,,,,,,,,,0.2194063623548644,,,,,,,,,,,,,,,,,,,,,,,,,,,,,,,,,,,,,,,,,,,,,,,,,,,,,,,,,,,,,,,,,,,,,,,,,,,,,,,,,,,,,,,,,,
PHYSICS130,0.15241616990842258,0.0,0.0,0.0,-0.02098242063744888,-0.13143830987134453,,,,,,,,,,,,,,,,,,,,,,,,,,,,,,,,,,,,,,,,,,,,,,,,,,,,,,,,,,,,,,,,,,,,,,,,,,,,,,,,,,,,,,,,,,,,,,0.01729181937401124,0.06351984325373873,0.0012023255731024947,,,,,0.09009608045770151,,,,,,,,,,,,,,,,,,,,,,,,,-0.044102301900503765,,,,,,,,,,,,,,,,,,,,,,,,,,,,,,,,,,,,,,,,,,
ECON1,0.4606964005407587,-0.0271254029756112,0.0,0.16824954727362962,-0.1951866315335626,-0.4066484433355184,,,,,,,,,,,,,,,,,,,,,,,,,,,,,,,,,,,,,,,,,,,,,,,,,,,,,,,,,,,,,,,,,,,,,,,,,,,,,,,,,,,,,,,,,,,,,,,,,,,,,,,,,,,,,,,,,,,,,,,,,,,,,,,,,,,,,,,,,,,,,,,,,,,,,,,,,,,,,,,,,,,,,,,,
CS145,0.3566497226409109,0.0,0.0,-0.036614752386586236,-0.13755903991629495,-0.18252355577450965,,,,,,,,,,,,,,,,0.3046273595249226,,,,,,,,,,,,,,,,,,,,,,,,,,,,,,,0.28468015976193306,,,,,,,,,,,,,,,,,,,,,,,,,,,,,,,,,,,,,,,,,,,,,,,,,,,,,,,,,,,,,,,,,,,,,,,,,,,,,,,,,,,,,,,,,,,,,,,,,,,,,,,,,,,,,,,,,,,,,,,,,
ME227,0.023647182571551358,0.0,0.0,0.0,0.0,-0.023638168063740986,,,,,,,,,,,,,,,,,,,,,,,,,,,,,,,,,,,,,,,,,,,,,,,,,,,,,,,,,,,,,,,,,,,,,,,,,,,,,,,,,,,,,,,,,,,,,,,,,,,,,,,,,,,,,,,,,,,,,,,,,,,,,,,,,,,,,,,,,,,0.024014611238136432,,,,,,,,,,,,,,,,,,,,,,,,,,,,,
CME103,0.2688865583194466,0.0,0.0,0.005985074258416133,-0.036750064040167785,-0.23811758289351845,,,,,,,,,,,,,0.16988589721117092,,,,,,,,,,,,,,,,,,,,,,,,,,,,,,,,,,,,,,,,,,,,,,,,,,,,,,,,,,,,,,,,,,,,,,,0.08286927494355943,,,,,,,,,,,,,,,,,,,,,,,,,,,,,,,,,,,,,,,,,,,,,,,,,,,,,,,,,,,,,,,,,,,,,,,,,,,,,,,,,,,,
CHEM35,0.4888850449272266,0.0,0.0,0.03472241442588459,-0.07382358432673064,-0.449790521988652,,,,,,,,,0.5714275720327622,,,,,,,,,,,,,,,,,,,,,,,,,,,,,,,,,,,,,,,,,,,,,,,,,,,,,,,,,,,,,,,,,,,,,,,,,,,,,,,,,,,,,,,,,,,,,,,,,,,,,,,,,,,,,,,,,,,,,,,,,,,,,,,,,,,,,,,,,,,,,,,,,,,,,,,,,,,,,,,
CS143,0.1373675302407155,0.0,0.0,0.0,-0.01988196852766531,-0.11748518660566297,,,,,,,,,,,,,,,,0.09739473668846782,,,,,,,,,,,,,,,,,,,,,,,,,,,,,,,0.11812544730779688,,,,,,,,,,,,,,,,,,,,,,,,,,,,,,,,,,,,,,,,,,,,,,,,,,,,,,,,,,,,,,,,,,,,,,,,,,,,,,,,,,,,,,,,,,,,,,,,,,,,,,,,,,,,,,,,,,,,,,,,,
PHYSICS171,0.021703023858164434,0.0,0.0,0.0,-0.007830150138530964,-0.013872610706817393,,,,,,,,,,,,,,,,,,,,,,,,,,,,,,,,,,,,,,,,,,,,,,,,,,,,,,,,,,,,,,,,,,,,,,,,,,,,,,,,,,,,,,,,,,,,,0.0480127905236638,,,,,,,,,,,,,,,,,,,,,,,,,,,,,,,,,,,,,,,,,,,,,,,,,,,,,,,,,,,,0.03698670027031861,,,,,,,,,,,,,,,
BIO188,0.039604501436724664,0.0,0.0,0.0,0.0,-0.03960420001195964,,,0.009689387999937411,,,0.04006097564151611,0.04517327340538257,0.019764273634626444,0.020174136996597983,,,,,,,,,,,,,,,,,,,,,,,,,,,,,,,,,,,,,,,,,,,,,,,,,,,,,,,,,,,,,,,,,,,,,,,,,,,,,,,,,,,,,,,,,,,,,,,,,,,,,,,,,,,,,,,,,,,,,,,,,,,,,,,,,,,,,,,,,,,,,,,,,,,,,,,,,,,,,,,
CME104A,0.020564983937579624,0.0,0.0,0.0,0.0,-0.02056498345106545,,,,,,,,,,,,,,,,,,,,,,,,,,,,,,,,,,,,,,,,,,,,,,,,,,,,,,,,,,,,,,,,,,,,,,,,,,,,,,0.00888953394980481,,,,,,,,,,,,,,,,,,,,,,,,,,,,,,,,,,,,,,,,,,,,,,,,,,,,,,,,,,,,,,,,,,,,,,,,,,,,,,,,,,,,,,,,,,
MATH148,0.006467592702017678,0.0,0.0,0.0,0.0,-0.006467343565851387,,,,,,,,,,,,,,,,,,,,,,,,,,,,,,,,,,,,,,,,,,,,,,,,,,,,,,,,,,,,,,,,,,,,,,,,,,,,,,,,,0.006476367987424727,,,,,,,,,,,,,,,,,,,,,,,,,,,,,,,,,,,,,,,,,,,,,,,,,,,,,,,,,,,,,,,,,,,,,,,,,0.0005055872366547419,,,,,,,,,,,,,,
CS193P,-0.005475553653042199,0.0,0.0,-0.007387376105804547,-0.025512851063662363,0.03837592029921872,,,,,,,,,,,,,,,,,,,,,,,,,,,,,,,,,,,,,,,,,,,,,,,,,,,,,,,,,,,,,,,0.008294245192684516,,,,,,,,,,,,,,,,,,,,,,,,,,,,,,,,,,,,,,,,,,,,,,,,,-0.002202733344302871,,,,,,,,,,,,,,,,,,,,,,,,,,,,,,,,,,,,,,,,,,,,,,,,,,,,,,,,
ENGR20,0.02764405256364876,0.0,0.0,0.0,0.0,-0.02764404695600606,,,,,,,,,,,,,,,,,,,,,,,,,,,,,,,,,,,,,,,,,,,,,,,,,,,,,,,,,,,,,,,,,,,,,,,,,,,,,,,,,,,,,,,,,,,,,,,,,,,,,,,,,,,,,,,,,,,,,,,,,,,,,,,,,,,,,,,,,,,,,,,,,,,,,,,,,,,,,,,,,,,,,,,,
CS166,0.09791801207643884,0.0,0.0,0.0,-0.012418790177062494,-0.08549921433760271,,,,,,,,,,,,,,,,,,,,,,,,,,,,,,,,,,,,,,,,,,,,,0.0547752217437456,,0.07133164861406292,,,,,,,,,,,,,,,,,,,,,,,,,,,,,,,,,,,,,,,,,,,,,,,,,,,,,,,,,,,,,,,,,,,,,,,,,,,,,,,,,,,,,,,,,,,,,,,,,,,,,,,,,,,,,,,,,,,,,,,,,
CS106X,0.03722789653677528,0.0,0.0,0.06794127428227016,-0.035352666605826526,-0.06981629766034209,,,,,,,,,,,,,,,,,,,,,,,,,,,,,,,,,,,,,,,,,,,,,,,,,,,,,,,,,,,,,,,,,,,,,,,,,,,,,,,,,,,,,,,-0.10266123616592104,,,,,,,,,,,,,,,,,,,,,,,,,,,,,,,,,,,,,,,,,,,,,,,,,,,,,,,,,,,,,,,,,,,,,,,,,,,,,,,,,
AA279A,0.009914462969429237,0.0,0.0,0.0,-0.007488910293201983,-0.0024256284206859656,,,,,,,,,,,,,,,,,,,,,,,,,,,,,-0.004933521915733996,,,,,,,,,,,,,,,,,,,,,,,,,,,,,,,,,,,,,,,,,,,,,,,,,,,,,,,,,,,,,,,,,,,,,,,,,,,,,,,,,,,,,,,,,,,,,,,,,,,,,,,,,,,,,,,,,,,,,,,,,,,,,,,,,,,,,,,,,,,
CME102A,0.08116691030397566,0.0,0.0,0.0028173520334771242,-0.0015218818862860293,-0.08246471910602168,,,,,,,,,,,,,,,,,,,,,,,,,,,,,,,,,,,,,,,,,,,,,,,,,,,,,,,,,,,,,,,,,,,,,,,,,,,,,,0.0,,,,,,,,,,,,,,,,,,,,,,,,,,,,,,,,,,,,,,,,,,,,,,,,,,,,,,,,,,,,,,,,,,,,,,,,,,,,,,,,,,,,,,,,,,
LINGUIST1,0.1395471301443311,0.0020827093904111408,0.0,0.015671721418490877,-0.044085070801191624,-0.11321722701823639,,,,,,,,,,,,,,,,,,,,,,,,,,,,,,,,,,,,,,,,,,,,,,,,,,,,,,,,,,,,,,,,,,,,,,,,,,,,,,,,,,,,,,,,,,,,,,,,,,,,,,,,,,,,,,,,,,,,,,,,,,,,,,,,,,,,,,,,,,,,,,,,,,,,,,,,,,,,,,,,,,,,,,,,
ME131B,0.16405548266202835,0.0,0.0,0.0,-0.05123182267306421,-0.11282038999785482,,,,,,,,,,,,,,,,,,,,,,,,,,,,,,,,,,,,,,,,,,,,,,,,,,,,,,,0.06992470459845598,,,,,,,,,,,,,,,,,,,,,,,,,,,,,,,,,,,,,,,,,,,,,,,,,,,,,,,,,,,,,0.15515513251198584,,,,,,,,,,,,,,,,,,,,,,,,,,,,,,,,,,,,,,,,,,,,,,,,,,,,
MATH20,0.3072180954752965,-0.012283415374945305,0.0,0.21253324576000115,-0.1840464000206124,-0.3233744000418811,,,,,,,,,,,,,,,,,,,,,,,,,,,,,,,,,,,,,,,,,,,,,,,,,,,,,,,,,,,,,,,,,,,,,,,,,,,,,,,,,,,,,,,,,,,,,,,,,,,,,,,,,,,,,,,,,,,,,,,,,,,,,,,,,,,0.4136800750851418,,,,,,,,,,,,,,,,,,,,,,,,,,,,,,,,,,,,,
CHEM173,0.16328264039421164,0.0,0.0,0.0,-0.015073644038104628,-0.14820885712227272,,,0.14762149353199483,,,,,,,,,,,0.07937823210574,,,,,,,,,,,,,,,,,,,,,,,,,,,,,,0.039599742426042854,,,,,,,,,,,,0.03525602313511663,,,,,,,,,,,,,,,,,,,,,,0.07831381912216127,,,,,,,,,,,,,,,,,,,,,,,,,,,,,,,,,,,,,,,,0.04501827188111496,,,,,,,,,,,,,,,,,,,,,,,,,,,,,,,,,,,,,,,,,,,,,,,,,,
EARTHSYS112,0.08277674636785942,0.0,0.0,0.001508490765448351,-0.05418839445014518,-0.030098317007565926,,,,,,,,,,,,,,,,,,,,,,,,,,,,,,,,0.06158714811714057,,,,,,,,,,,,,,,,,,,,,,,,,,,,,,,,,,,,,,,,,,,,,,,,,,,,,,,,,,,,,,,,,,,,,,,,,,,,,,,,,,,,,,,,,,,,,,,,,,,,,,,,,,,,,,,,,,,,,,,,,,,,,,,,,,,,,,,,
CME100,0.3759136010778848,-0.006433029621150109,0.0,0.3749744569322923,-0.22280441353691186,-0.5216511175464189,,,,,,,,,,,,,,,,,,,,,,,,,,,,,,,,,,,,,,,,,,,,,,,,,,,,,,,,,,,,,,,,,,,,,,,,,,,,,,,,,,,,,,,,,,,,,,,,,,,,,,,,,,,,,,,,,,,,,,,,,,,,,,,,,,,,,,,,,,,,,,,,,,,,,,,,,,,,,,,,,,,,,,,,
MATH175,0.013469477286053843,0.0,0.0,0.0029413212501321058,-0.007037651132312506,-0.009372403005113848,,0.017672872448703913,,,,,,,,,,,,,,,,,,,,,,,,,,,,,,,,,,,,,,,,,,,,,,,,,,,,,,,,,,,,,,,,-0.0011756280143081217,,,,,,,,,,,,,,,,,,,,,,,,,,,,,,,,,,,,,,,,,,,,,,,,,,,,,,,,,,,,,,,,,,,,,,,,,,,,,,,,,,,,,,,,,,,,,,,,,,,,,,
MATH108,0.11352707782007226,0.0,0.0,0.0,-0.009416223341809417,-0.10412632563818204,,,,,,,,,,,,,0.00421033675431122,,,,,,,,,,,,,,,,,,,,,,,,,,,,,,,,,,,,,,,,,,,,,,,,,,,,,,,,,,,,,,,,,,,,,,,,,,,,,,,,,,,,,,,,,,,,,,,,,,,,,,,,,,,,,,,,,,,,,,,,,,,,,,,,,,,,,,,,,,,,,,,,,,,,,,,,,,,
MATH52,0.412673492188535,0.0,0.0,0.006745641264851576,-0.06783583095633745,-0.3515783547657961,,,,,,,,,,,,,0.3286202950496259,,,,,,,,,,,,,-0.0378125432278831,,,,,,,,,,,,,,,,,,,,,,,,,,,,,,,,,,,,,,,,,,,,,,,,,,,,,,,,,,,,,,,,,,,,,,,,,,,,,,,,,,,,,,,,,,,,,,,,,,,,,,,,,,,,,,,,,,,,,,,,,,,,,,,,,,,,,,,,,,,,,,
ENERGY102,0.009579083417845627,0.0,0.0,0.0,0.0033189808722254768,-0.012896730409281814,,,,,,,,,,,,,,,,,,,,,,,,,,,,,,,,,,,,,,,,,,,,,,,,,,,,,,,,,,,,,,,,,,,,,,,,,,,,,,,,,,,,,,,,,,,,,,,,,,,,,,,,,,,,,,,,,,,,,,,,,,,,,,,,,,,,,,,,,,,,,,,,,,,,,,,,,,,,,,,,,,,,,,,,
ECON51,0.3150836838736444,0.0,0.0,0.0,-0.07137074876118127,-0.24371181848673992,,,,,0.3598061065169348,,,,,,,,,,,,,,,,,,,,,,,,,,,,,,,,,,,,,,,,,,,,,,,,,,,,,,,,,,,,,,,,,,,,,,,,,,,,,,,,,,,,,,,,,,,,,,,,,,,,,,,,,,,,,,,,,,,,,,,,,,,,,,,,,,,,,,,,,,,,,,,,,,,,,,,,,,,,,,,,,,,
CHEM134,0.01938319717008074,0.0,0.0,0.0,-0.025388496013136707,0.006005543449445948,,,,,,0.02400753645805132,,,,,,,,,,,,,,,,,,,,,,,,,,,,,,,,,,,,,,,,,,,,,,,,,,,,,,,,,,,,,,,,,,,,,,,,,,,,,,,,,,,,,,,,,,,,,,,,,,,,,,,,,,,,,,,,,,,,,,,,,,,,,,,,,,,,,,,,,,,,,,,,,,,,,,,,,,,,,,,,,,
MS&E211,0.07934229062286188,0.0,0.0,0.0027020619301288394,0.0,-0.08204430284466345,,,,,,,,,,,,,-0.008975350239821026,,,,,,,,,,,,,,,,,,,,,,,,,,,,,,,,,,,,,,,,,,,,,,,,,,,,,,,,,,,,,,,,,,,,,,,-0.005938265256267432,,,,,,,,,,,,,,,,,,,,,,,,,,,,,,,,,,,,,,,,,,,,,,,,,,,,,,,,,,,,,,,,,,,,,,,,,,,,,,,,,,,,
CS246,0.1786766234578991,0.0,0.0,-0.005325226979133225,-0.010624068744630188,-0.16272778491652187,,,,,,,,,,,,,,,,,,,,,,,,,,,,,,,,,,,,,,,,,,,,,,0.07716072694462646,0.09452039662956302,,,,,,,,,,,,,,,,,,,,,,,,,,,,,,,,,,,,,,,,,,,,,,,,,,,,,,,,,,,,,,,,,,,,,,,,,,,,,,,,,,,,,,,,,,,0.04067058642249227,,,,,,,,,,,,,,,,,,,,,,,,,,,,,,
ECON102A,0.39479447629633857,0.0,0.0,0.04536842477406495,-0.07083300361581926,-0.369329676802341,,,,,,,,,,,,,,,,,,,,,,,,,-0.015654071439424013,,-0.154408611167268,,,,,,,,,,,,,,,,,,,,,,,,,,,,,,,,,,,,,,,,,,,,,,,,,,,,,,,,,,,,,,,,,,,,,,,,,,,,,,,,,,,,,,,,,,,,,,,,,,,,,,,,,,,,,,,,,,,,,,,,,,,,,,,,,,,,,,,,,,,,,
CHEMENG120A,0.08381386325015298,0.0,0.0,0.0,-0.014389912679497956,-0.06942389122925834,,,,,,,,,,,,,,,,,,,,,,,,,,,,,,,,,,,,,,,,,,,,,,,,,,,,,,,,,,,,,,,,,,,,,,,,,,,,,,0.06458092720257062,,,,,,,,,,,,,,,,,,,,,,,,,,,,,,,,,,,,,,,,,,,,,,,,,,,,,,,,,,,,,,,,,,,,,,,,,,,,,0.06506859527515729,,,,,,,,,,,,,
ME113,-0.0035262079407149785,0.0,0.0,0.0,0.0012170614335401898,0.002309804379037527,,,,,,,,,,,,,,,,,,,,,,,,,,,,-0.009577000795879935,,0.0014079620638793723,-0.007286716140275736,,,,,,,,,,,,,,,,,,,,,,,,,,,,,,,,,,,,,,,,,,,,,,,,,,,,,,,,,,,,,,,,,,,,,,,,,,,,,,,,,,,,,,,,,,,,,,,,,,,,,,,,,,,,,,,,,,,,,,,,,,,,,0.018220174638631584,,,,,,,,,,,,
CEE182,0.02603762823157683,0.0,0.0,0.0,-0.004063440132386855,-0.021973925240402415,,,,,,,,,,,,,,,,,,,,,,,,,,,,,,,,,,,,,,,,,,,,,,,,0.01595760174614085,,,,,,,,,,,,,,,,,,,,,,,,,,,,,,,,,,,,,,,,,,,,,,,,,,,,,,,,,,,,,,,,,,,,,,,,,,,,,,,,,,,,,,,,,,,,,,,,,,,,,,,,,,,,,,,,,,,,,,,,
PSYCH95,0.11904376420625733,-0.008424336920682576,0.0,0.0,-0.031964145596426054,-0.0786541001779714,,,,,,,,,,,,,,,,,,,,,,,,,,,,,,,,,,,,,,,,,,,,,,,,,,,,0.1084026856751219,,,,,,,,,,,,,,,,,,,,,,,,,,,,,,,,,,,,,,,,,,,,,,,,,,,,,,,,,,,,,,,,,,,,,,,,,,,,,,,,,,,,,,,,,,,,,,,,,,,,,,,,,,,,,,,,,,,,
CS106B,0.5863505975915667,-0.006520533022824714,-0.006520533022824714,0.4643452812566406,-0.35161956456035814,-0.6860408791143351,,,,,,,,,,,,,,,,,,,,,,,,,,,,,,,,,,,,,,,,,,,,,,,,,,,,,,,,,,,,,,,,,,,,,,,,,,,,,,,,,,,,,,,0.3092492733351104,,,,,,,,,,,,,,,,,,,,,,,,,,,,,,,,,,,,,,,,,,,,,,,,,,,,,,,,,,,,,,,,,,,,,,,,,,,,,,,,,
CS224U,0.035656447301814255,0.0,0.0,0.0,-0.02816570320357558,-0.007489275465467753,,,,,,,,,,,,,,,,,,,,,,,,,,,,,,,,,,,,,,,,,,,,,,,,,,,,,,,,,,,,,,,,,,,,0.0358055247698674,0.029444553734020874,,,,,,,,,,,,,,,,,,,,,,,0.00175988028560795,,,,,,,,,,,,,,0.01099793003321911,,,,,,,,,,,,,,,,,,,,,,,,,,,,,,,,,,,,,,,,,,,,,,,,,,,0.004158914113046457,0.0016670355403233892,0.0013061077372216374,-0.00021720599297877008,-0.009546130080848,,,,,,,
CS148,0.10261371994447344,0.001275690016578073,0.0,0.0,-0.029516954484807165,-0.07437134954137196,,,,,,,,,,,,,0.05811148314427354,,,,,,,,,,,,,,,,,,,,,,,,,,,,,,,,,,0.07168013549475279,,,,,,,,,,,,,,,,,,,,,,,,,,,,,,,,,,,,,,,,,,,,,,,,,,,,,,,,,,,,,,,,,,,,,,,,,,,,,,,,,,,,,,,,,,,,,,,,,,,,,,,,,,,,,,,,,,,,,,,,,
MS&E260,0.08160287951036171,0.0,0.0,0.0,-0.014982717626171016,-0.06662003932085611,,,,,,,,,,,,,,,,,,,,,,,,,,,,,,,,,,,,,,,,,,,,,,,,,,,,,,,,,,,,,,,,,,,,,,,,,,,,,,,,,,,,,,,,,,,,,,,,,,,,,,,,,,,,,,,,,,,,,,,,,,,,,,,,,,,,,,,,,,,,,,,,,,,,,,,,,,,,,,,,,,,,,,,,
MS&E145,0.08794434151795205,0.0,0.0,0.0017238191003925091,-0.026082862594179083,-0.06358344735555779,,,,,,,,,,,,,0.032717736128874686,,,,,,,,,,,,,,,,,,,,,,,,,,,,,,,,,,,,,,,,,,,,,0.09054048178717099,,,,,,,,,,,,,,,,,,,,,,,,,,0.05327890831948426,,,,,,,,,,,,,,,,,,,,,,,,,,,,,,,,,,,,,,,,,,,,,,,,,,,,,,,,,,,,,,,,,,,,,,,,,,,,,,0.04905014683874966,,,,,,
BIO101,0.01660999577260384,0.0,0.0,0.0,-0.007331393584998927,-0.009277163947709312,,,,,,,,,,,,,,,,,,,,,,,,,,,,,,,,,,,,,,,,0.00472308288326921,,,,,,,,,,,,,,,,,,,,,,,,,,,,,,,,,,,,,,,,,,,,,,,,,,,,,,,,,,,,,,,,,,,,,,,,,,,,,,,,,,,,,,,,,,,,,,,,,,,,,,,,,,,,,,,,,,,,,,,,,,,,,,,,
CHEMENG20,0.05743699737776423,0.0,0.0,-0.007239199415240572,0.0027409049476874218,-0.05293866199979122,,,,,,,,,,,,,,,,,,,,,,,,,,,,,,,,,,,,,,,,,,,,,,,,,,,,,,,,,,,,,,,,,,,,,,,,,,,,,,,,,,,,,,,,,,,,,,,,,,,,,,,,,,,,,,,,,,,,,,,,,,,,,,,,,,,,,,,,,,,,,,,,,,,,,,,,,,,,,,,,,,,,,,,,
STATS116,0.18162585106572748,0.0,0.0,0.00605103590313521,-0.02756621103973793,-0.16011211908533046,,,,,,,,,,0.09754216737189846,,,,,,,,,,,,,,,,,,,,,,,,,,,,,,,,,,,,,,,,,,,,,,,,,,,,,,,,,,,,,,,,,,,,,,,,,,,,,,,,,,,,,,,,,,,,,,,,,,,,,,,,,,,,,,,,,,,,,,,,,,,,,,,,,,,,,,,,,,,,,,,,,,,,,,,,,,,,,,
CS210B,-0.000843141577742317,0.0,0.0,0.0,0.0,0.0008424853504485523,,,,,,,,,,,,,,,,,,,,,,,,,,,,,,,,,,,,,,,,,,,,,,,,,,,,,,,,,,,,,,,,,,,,,,,,,,,,,,,,,,,,,,,,,,,,,,,,,,,,,,,,,,,,,,,,,,,,,,,,,,,,,,,,,,,,,,,,,,,,,,,,,,,,,,,,,,,,,,,,,,,0.00721709443993338,,,,,
MS&E146,0.03199925850891461,0.0,0.0,0.0,-0.005423764785359615,-0.026576417059024963,,,,,,,,,,,,,,,,,,,,,,,,,,,,,,,,,,,,,,,,,,,,,,,,,,,,,,,,,,,,,,,,,,,,,,,,,,,,,,,,,,,,,,,,,,,,,,,,,,,,,,,,,,,,,,,,,,,,,,,,,,,,,,,,,,,,,,,,,,,,,,,,,,,,,,,,,,,,,,,,,,,,0.012381461023338095,0.0035882955025807947,0.0012812740551308606,,
CHEM153,0.03359521440160717,0.0,0.0,0.0,-0.01086798470427436,-0.022727233957123925,,,,,,,,,,,,,,,,,,,,,,,,,,,,,,,,,,,,,,,,,,,,,,,,,,,,,,,,,,,0.016166914834676714,,,,,,,,,,,,,,,,,,,,,,,,,,,,,,,,,,,,,,,,,,,,,,,,,,,,,,,,,,,,,,,,,,,,,,,,,,,,,,,,,,,,,,,,,,,,,,,,,,,,,,,,,,,,0.030717292634336237,
CS102,0.1463860259951767,0.0,0.0,0.0029861711813377882,-0.04662332960749347,-0.10279831564067542,,,,,,,,,,,,,,,,,,,,,,,,,,,,,,,,,,,,,,,,,,,,,,,,,,,,,,,,,,,,,,,,,,,,,,,,,,,,,,,,,,,,,,,0.1339368417264447,,,,,,,,,,,,,,,,,,,,,,,,,,,,,,,,,,,,,,,,,,,,,,,,,,,,,,,,,,,,,,,,,,,,,,,,,,,,,,,,,
BIO41,0.2853630992291909,0.0,0.0,0.004430149435287663,-0.04894123479751559,-0.24085652346447445,,,,,,0.0938429266091919,,,,,,,,,,,,,,,,,,-0.005746425453573891,-0.00921933154241437,0.030800041453863038,-0.010593253557069745,,,,,,,,,,,,,,,,,,,,,,,,,,,,,,,,,,0.1737914188147244,,,,,,,,,,,,,,,,,,,,,,,,,,,,,,,,,,,,,,,,,,,,,,,,,,,,,,,,,,,,,,,,,,,,,,0.008130221690277922,,,,,,,,,,,,,,,,,,,,,,,,,,,,,,,,,,,,,
MS&E120,0.23398436665744118,0.0,0.0,-0.006680994060914088,-0.07782241696446943,-0.14948070634970734,,,,,,,,,,,,,0.11894259759816103,,,,,,,,,,,,,,,,,,,,,,,,,,,,,,,,,,,,,,,,,,,,,,,,,,,,,,,,,,,,,,,,,,,,,,,0.12070931655666031,,,,,,,,,,,,,,,,,,,,,,,,,,,,,,,,,,,,,,,,,,,,,,,,,,,,,,,,,,,,,,,,,,,,,,,,,,,,,,,,,,,,
PSYCH10,0.17415820847053856,-0.006902904499263565,0.0,-0.008986428268011555,-0.044575283968429094,-0.11369130710334445,,,,,,,,,,,,,,,,,,,,,,,,,,,,,,,,,,,,,,,,,,,,,,,,,,,,,,,,,,,,,,,,,,,,,,,,,,,,,,,,,,,,,,,,,,,,,,,,,,,,,,,,,,,,,,,,,,,,,,,,,,,,,,,,,,,,,,,,,,,,,,,,,,,,,,,,,,,,,,,,,,,,,,,,
MATH122,0.024518205798933757,0.0,0.0,0.0,0.0,-0.024518121446867956,,,,,,,,,,,,,,,,,,,,,,,,,,,,,,,,,,,,,,,,,,,,,,,,,,,,,,,,,,,,,,,,,,,,,,,,,,,,,,,,,0.0017292212612676863,,,,,,,,,,,,,,,,,,,,,,,,,,,,,,,,,,,,,,,,,,,,,,,,,,,,,,,,,,,,,,,,,,,,,,,,,,,,,,,,,,,,,,,
STATS191,0.13167065772109474,0.0,0.0,-0.007981262772774285,0.0,-0.12368917987562053,,,,,,,,,,,,,,,,,,,,,,,,,,,,,,,,,,,,,,,,,,,,,,,,,,,,,,,,,,,,,,,,,,,,,,,,,,-0.042796367537360706,,,,,,,,,,,,,,-0.007774957896069063,,,,,,,,,,,,,,,,,,,,,,,,,,,,,,,,,,,,,,,,,,,,,,,,,,,,,,,,,,,,,,,,,,,,,,,,,,,,,,,,0.0018643287076358613
PSYCH80,0.2580455224742349,0.0,0.0,0.0,-0.11502590092624626,-0.14301548545282924,,,,,,,,,,,,,,,,,,,,,,,,,,,,,,,,,,,,,,,,,,,,,,,,,,,,0.18398806203972257,,,,,,,,,,,,,,,,,,,,,,,,,,,,,,,,,,,,,,,,,,,,,,,,,,,,,,,,,,,,,,,,,,,,,,,,,,,,,,,,,,,,,,,,,,,,,,,,,,,,,,,,,,,,,,,,,,,,
PSYCH120,0.06090564543005309,0.0,0.0,0.0,-0.003874956921656875,-0.05703074652794049,,,,,,,,,,,,,,,,,,,,,,,,,,,,,,,,,,,,,,,,,,,,,,,,,,,,0.0187393631643565,,,,,,,,,,,,,,,,,,,,,,,,,,,,,,,,,,,,,,,,,,,,,,,,,,,,,,,,,,,,,,,,,,,,,,,,,,,,,,,,,,,,,,,,,,,,,,,,,,,,,,,,,,,,,,,,,,,,
MATH51,0.40052535080302704,-0.0012495497398648241,0.0,0.5195192704560928,-0.22798835624989888,-0.690811573229066,,,,,,,,,,,,,,,,,,,,,,,,-0.05362022243600394,,0.006224103973838082,,,,,,,,,,,,,,,,,,,,,,,,,,,,,,,,,,,,,,,,,,,,,,,,,,,,,,,,,,,,,,,,,,,,,,,,,,,,,,,,,,,,,,,,,,,,,,,,,,,,,,,,,,,,,,,,,,,,,,,,,,,,,,,,,,,,,,,,,,,,,,
PHIL80,0.208371913156008,-0.01609504661016813,0.0,-0.016325324838281103,-0.12116414517755858,-0.05479730035159595,,,,,,,,,,,,,,,,,,,,,,,,,,,,,,,,,,,,,,,,,,,,,,,,,,,,,,,,,,,,,,,,,,,,,,,,,,,,,,,,,,,,,,,,,,,,,,,,,,,,,,,,,,,,,,,,,,,,,,,,,,,,,,,,,,,,,,,,,,,,,,,,,,,,,,,,,,,,,,,,,,,,,,,,
MATH53,0.4126369521736652,0.0034691368606546615,0.0,-0.00510885502596051,-0.07955278939880235,-0.3314307562352362,,,,,,,,,,,,,0.37089473596660016,,,,,,,,,,,,,-0.04188301003116326,,,,,,,,,,,,,,,,,,,,,,,,,,,,,,,,,,,,,,,,,,,,,,,,,,,,,,,,,,,,,,,,,,,,,,,,,,,,,,,,,,,,,,,,,,,,,,,,,,,,,,,,,,,,,,,,,,,,,,,,,,,,,,,,,,,,,,,,,,,,,,
EE102A,0.2375198744789215,0.0,0.0,0.0,-0.01899759139900725,-0.21852326007644024,,,,,,,,,,,,,,0.04901786640959936,,,,,,,,,,,,,,,,,,,,,,,,,,,,,,,,,,,,,,,,,,,,,,,,,,,,,,,,,,,,,,,,0.09380882677210947,,,,,,,,,,,,,,,,,,,,,,,,,,,,,,,,,,,,,,,,,,,,,,,,,,,,,,,,,,,,,,,,,,,,,,,,,,,,,,,,,,,,,,,,,,
